substation_id,datetime_GMT,generation_MW,uncertainty_MW,stats_error,bias_error,lcl_MW,ucl_MW,version_id,version,installedcapacity_MWp,capacity_MWp,site_count,calculation_time_s
0,2017-01-01 08:30:00,14.2,None,150,None,8.87,19.6,46,0.1.5b,11500,11180,46,0
0,2017-01-01 09:00:00,81.9,None,83,None,73.9,89.9,46,0.1.5b,11500,11180,200,1
0,2017-01-01 09:30:00,170,None,80,None,156,183,46,0.1.5b,11500,11180,280,2
0,2017-01-01 10:00:00,283,None,110,None,254,312,46,0.1.5b,11500,11180,300,2
0,2017-01-01 10:30:00,399,None,120,None,353,444,46,0.1.5b,11500,11180,315,2
0,2017-01-01 11:00:00,466,None,120,None,411,522,46,0.1.5b,11500,11180,300,2
0,2017-01-01 11:30:00,553,None,130,None,487,620,46,0.1.5b,11500,11180,312,2
0,2017-01-01 12:00:00,565,None,120,None,498,632,46,0.1.5b,11500,11180,299,2
0,2017-01-01 12:30:00,539,None,130,None,471,607,46,0.1.5b,11500,11180,302,2
0,2017-01-01 13:00:00,542,None,130,None,474,611,46,0.1.5b,11500,11180,302,2
0,2017-01-01 13:30:00,504,None,130,None,439,569,46,0.1.5b,11500,11180,272,2
0,2017-01-01 14:00:00,448,None,120,None,394,503,46,0.1.5b,11500,11180,280,2
0,2017-01-01 14:30:00,344,None,100,None,306,381,46,0.1.5b,11500,11180,253,2
0,2017-01-01 15:00:00,282,None,100,None,251,313,46,0.1.5b,11500,11180,254,2
0,2017-01-01 15:30:00,178,None,130,None,155,202,46,0.1.5b,11500,11180,273,2
0,2017-01-01 16:00:00,49,None,100,None,30.7,67.3,46,0.1.5b,11500,11180,24,0
0,2017-01-02 08:30:00,61.3,None,75,None,52.9,69.8,46,0.1.5b,11500,11180,82,0
0,2017-01-02 09:00:00,404,None,83,None,373,434,46,0.1.5b,11500,11180,327,2
0,2017-01-02 09:30:00,1120,None,77,None,1040,1200,46,0.1.5b,11500,11180,316,2
0,2017-01-02 10:00:00,2010,None,65,None,1890,2130,46,0.1.5b,11500,11180,308,2
0,2017-01-02 10:30:00,2770,None,57,None,2620,2920,46,0.1.5b,11500,11180,308,2
0,2017-01-02 11:00:00,3340,None,51,None,3180,3510,46,0.1.5b,11500,11180,302,2
0,2017-01-02 11:30:00,3690,None,49,None,3530,3860,46,0.1.5b,11500,11180,335,2
0,2017-01-02 12:00:00,4060,None,44,None,3890,4230,46,0.1.5b,11500,11180,302,2
0,2017-01-02 12:30:00,4030,None,47,None,3860,4200,46,0.1.5b,11500,11180,336,2
0,2017-01-02 13:00:00,4000,None,48,None,3820,4170,46,0.1.5b,11500,11180,325,2
0,2017-01-02 13:30:00,3700,None,51,None,3530,3870,46,0.1.5b,11500,11180,324,2
0,2017-01-02 14:00:00,3150,None,56,None,2990,3310,46,0.1.5b,11500,11180,336,2
0,2017-01-02 14:30:00,2460,None,64,None,2320,2600,46,0.1.5b,11500,11180,336,2
0,2017-01-02 15:00:00,1700,None,73,None,1590,1810,46,0.1.5b,11500,11180,334,2
0,2017-01-02 15:30:00,878,None,85,None,810,947,46,0.1.5b,11500,11180,325,2
0,2017-01-02 16:00:00,263,None,91,None,240,286,46,0.1.5b,11500,11180,294,1
0,2017-01-02 16:30:00,22,None,150,None,None,56.7,46,0.1.5b,11500,11180,5,0
0,2017-01-03 08:00:00,1.24,None,180,None,0.12,2.36,46,0.1.5b,11500,11180,13,0
0,2017-01-03 08:30:00,81.3,None,81,None,71.8,90.9,46,0.1.5b,11500,11180,132,1
0,2017-01-03 09:00:00,355,None,120,None,317,393,46,0.1.5b,11500,11180,311,1
0,2017-01-03 09:30:00,780,None,110,None,702,858,46,0.1.5b,11500,11180,327,3
0,2017-01-03 10:00:00,1210,None,96,None,1100,1320,46,0.1.5b,11500,11180,330,2
0,2017-01-03 10:30:00,1520,None,90,None,1390,1640,46,0.1.5b,11500,11180,315,2
0,2017-01-03 11:00:00,1800,None,80,None,1670,1940,46,0.1.5b,11500,11180,307,3
0,2017-01-03 11:30:00,1930,None,76,None,1800,2060,46,0.1.5b,11500,11180,331,3
0,2017-01-03 12:00:00,1970,None,73,None,1840,2100,46,0.1.5b,11500,11180,329,2
0,2017-01-03 12:30:00,1890,None,74,None,1770,2020,46,0.1.5b,11500,11180,331,2
0,2017-01-03 13:00:00,1850,None,76,None,1720,1970,46,0.1.5b,11500,11180,341,2
0,2017-01-03 13:30:00,1650,None,79,None,1540,1770,46,0.1.5b,11500,11180,331,2
0,2017-01-03 14:00:00,1370,None,84,None,1270,1470,46,0.1.5b,11500,11180,346,2
0,2017-01-03 14:30:00,1050,None,90,None,959,1130,46,0.1.5b,11500,11180,328,2
0,2017-01-03 15:00:00,747,None,100,None,678,816,46,0.1.5b,11500,11180,329,2
0,2017-01-03 15:30:00,448,None,110,None,401,496,46,0.1.5b,11500,11180,322,2
0,2017-01-03 16:00:00,211,None,100,None,187,236,46,0.1.5b,11500,11180,205,1
0,2017-01-03 16:30:00,56.7,None,130,None,23.8,89.6,46,0.1.5b,11500,11180,16,0
0,2017-01-04 08:30:00,15.3,None,270,None,5.56,25,46,0.1.5b,11500,11180,51,0
0,2017-01-04 09:00:00,117,None,99,None,106,128,46,0.1.5b,11500,11180,291,2
0,2017-01-04 09:30:00,306,None,96,None,278,333,46,0.1.5b,11500,11180,315,2
0,2017-01-04 10:00:00,572,None,92,None,525,618,46,0.1.5b,11500,11180,350,2
0,2017-01-04 10:30:00,867,None,91,None,796,938,46,0.1.5b,11500,11180,336,2
0,2017-01-04 11:00:00,1230,None,91,None,1120,1330,46,0.1.5b,11500,11180,324,2
0,2017-01-04 11:30:00,1490,None,82,None,1380,1600,46,0.1.5b,11500,11180,329,2
0,2017-01-04 12:00:00,1720,None,81,None,1590,1840,46,0.1.5b,11500,11180,323,3
0,2017-01-04 12:30:00,1880,None,77,None,1750,2010,46,0.1.5b,11500,11180,329,2
0,2017-01-04 13:00:00,1980,None,82,None,1830,2120,46,0.1.5b,11500,11180,330,2
0,2017-01-04 13:30:00,1870,None,78,None,1740,2000,46,0.1.5b,11500,11180,348,2
0,2017-01-04 14:00:00,1580,None,83,None,1460,1690,46,0.1.5b,11500,11180,344,2
0,2017-01-04 14:30:00,1250,None,90,None,1150,1350,46,0.1.5b,11500,11180,329,2
0,2017-01-04 15:00:00,881,None,96,None,806,956,46,0.1.5b,11500,11180,346,2
0,2017-01-04 15:30:00,450,None,94,None,412,488,46,0.1.5b,11500,11180,341,2
0,2017-01-04 16:00:00,140,None,65,None,130,149,46,0.1.5b,11500,11180,255,1
0,2017-01-04 16:30:00,12.7,None,130,None,5.27,20.1,46,0.1.5b,11500,11180,16,0
0,2017-01-05 08:00:00,0.474,None,170,None,None,1.06,46,0.1.5b,11500,11180,8,0
0,2017-01-05 08:30:00,88.9,None,75,None,79.1,98.7,46,0.1.5b,11500,11180,128,1
0,2017-01-05 09:00:00,470,None,94,None,429,510,46,0.1.5b,11500,11180,320,2
0,2017-01-05 09:30:00,1220,None,83,None,1130,1310,46,0.1.5b,11500,11180,329,5
0,2017-01-05 10:00:00,2060,None,68,None,1930,2180,46,0.1.5b,11500,11180,330,4
0,2017-01-05 10:30:00,2760,None,60,None,2610,2910,46,0.1.5b,11500,11180,325,3
0,2017-01-05 11:00:00,3310,None,54,None,3150,3480,46,0.1.5b,11500,11180,325,2
0,2017-01-05 11:30:00,3710,None,49,None,3550,3880,46,0.1.5b,11500,11180,323,3
0,2017-01-05 12:00:00,3960,None,46,None,3800,4130,46,0.1.5b,11500,11180,330,2
0,2017-01-05 12:30:00,4010,None,47,None,3840,4190,46,0.1.5b,11500,11180,326,3
0,2017-01-05 13:00:00,3900,None,48,None,3730,4070,46,0.1.5b,11500,11180,322,2
0,2017-01-05 13:30:00,3550,None,53,None,3380,3720,46,0.1.5b,11500,11180,333,2
0,2017-01-05 14:00:00,3060,None,58,None,2900,3210,46,0.1.5b,11500,11180,342,2
0,2017-01-05 14:30:00,2480,None,63,None,2340,2620,46,0.1.5b,11500,11180,342,2
0,2017-01-05 15:00:00,1710,None,73,None,1600,1820,46,0.1.5b,11500,11180,345,2
0,2017-01-05 15:30:00,906,None,81,None,839,973,46,0.1.5b,11500,11180,328,2
0,2017-01-05 16:00:00,281,None,82,None,260,301,46,0.1.5b,11500,11180,330,2
0,2017-01-05 16:30:00,29,None,110,None,8.41,49.6,46,0.1.5b,11500,11180,9,0
0,2017-01-06 08:30:00,16.9,None,160,None,10,23.8,46,0.1.5b,11500,11180,45,0
0,2017-01-06 09:00:00,144,None,120,None,128,160,46,0.1.5b,11500,11180,298,2
0,2017-01-06 09:30:00,307,None,110,None,276,338,46,0.1.5b,11500,11180,311,2
0,2017-01-06 10:00:00,535,None,110,None,478,591,46,0.1.5b,11500,11180,301,3
0,2017-01-06 10:30:00,712,None,110,None,637,786,46,0.1.5b,11500,11180,307,3
0,2017-01-06 11:00:00,854,None,110,None,762,945,46,0.1.5b,11500,11180,306,3
0,2017-01-06 11:30:00,920,None,110,None,823,1020,46,0.1.5b,11500,11180,309,3
0,2017-01-06 12:00:00,879,None,100,None,798,960,46,0.1.5b,11500,11180,344,3
0,2017-01-06 12:30:00,815,None,100,None,734,895,46,0.1.5b,11500,11180,307,2
0,2017-01-06 13:00:00,741,None,90,None,680,802,46,0.1.5b,11500,11180,327,2
0,2017-01-06 13:30:00,645,None,90,None,592,697,46,0.1.5b,11500,11180,337,2
0,2017-01-06 14:00:00,515,None,77,None,479,551,46,0.1.5b,11500,11180,333,3
0,2017-01-06 14:30:00,375,None,67,None,352,399,46,0.1.5b,11500,11180,315,3
0,2017-01-06 15:00:00,255,None,65,None,239,271,46,0.1.5b,11500,11180,293,3
0,2017-01-06 15:30:00,140,None,63,None,131,149,46,0.1.5b,11500,11180,251,2
0,2017-01-06 16:00:00,52.7,None,90,None,39,66.4,46,0.1.5b,11500,11180,35,0
0,2017-01-07 08:30:00,5.42,None,180,None,3.21,7.62,46,0.1.5b,11500,11180,54,0
0,2017-01-07 09:00:00,104,None,100,None,93.2,115,46,0.1.5b,11500,11180,258,1
0,2017-01-07 09:30:00,237,None,110,None,212,261,46,0.1.5b,11500,11180,311,2
0,2017-01-07 10:00:00,378,None,100,None,342,413,46,0.1.5b,11500,11180,319,4
0,2017-01-07 10:30:00,477,None,69,None,447,507,46,0.1.5b,11500,11180,327,3
0,2017-01-07 11:00:00,569,None,59,None,539,600,46,0.1.5b,11500,11180,328,3
0,2017-01-07 11:30:00,650,None,50,None,621,680,46,0.1.5b,11500,11180,326,2
0,2017-01-07 12:00:00,725,None,64,None,682,768,46,0.1.5b,11500,11180,325,2
0,2017-01-07 12:30:00,693,None,64,None,651,735,46,0.1.5b,11500,11180,306,2
0,2017-01-07 13:00:00,645,None,56,None,612,678,46,0.1.5b,11500,11180,324,2
0,2017-01-07 13:30:00,573,None,55,None,543,602,46,0.1.5b,11500,11180,305,2
0,2017-01-07 14:00:00,509,None,66,None,478,541,46,0.1.5b,11500,11180,308,2
0,2017-01-07 14:30:00,403,None,81,None,373,433,46,0.1.5b,11500,11180,323,2
0,2017-01-07 15:00:00,285,None,85,None,263,308,46,0.1.5b,11500,11180,323,2
0,2017-01-07 15:30:00,152,None,63,None,143,161,46,0.1.5b,11500,11180,301,2
0,2017-01-07 16:00:00,68.1,None,86,None,58.6,77.7,46,0.1.5b,11500,11180,106,0
0,2017-01-07 16:30:00,5.28,None,250,None,None,14.8,46,0.1.5b,11500,11180,8,0
0,2017-01-08 08:30:00,8.57,None,360,None,None,18.9,46,0.1.5b,11500,11180,27,0
0,2017-01-08 09:00:00,81.3,None,64,None,75.7,86.9,46,0.1.5b,11500,11180,237,2
0,2017-01-08 09:30:00,221,None,74,None,207,236,46,0.1.5b,11500,11180,331,2
0,2017-01-08 10:00:00,420,None,110,None,378,461,46,0.1.5b,11500,11180,322,2
0,2017-01-08 10:30:00,623,None,93,None,570,675,46,0.1.5b,11500,11180,327,3
0,2017-01-08 11:00:00,793,None,84,None,733,852,46,0.1.5b,11500,11180,346,3
0,2017-01-08 11:30:00,980,None,83,None,906,1050,46,0.1.5b,11500,11180,330,2
0,2017-01-08 12:00:00,1110,None,90,None,1020,1200,46,0.1.5b,11500,11180,329,3
0,2017-01-08 12:30:00,1150,None,89,None,1060,1250,46,0.1.5b,11500,11180,327,4
0,2017-01-08 13:00:00,1110,None,88,None,1020,1200,46,0.1.5b,11500,11180,325,3
0,2017-01-08 13:30:00,1010,None,95,None,922,1100,46,0.1.5b,11500,11180,325,2
0,2017-01-08 14:00:00,885,None,95,None,808,962,46,0.1.5b,11500,11180,324,2
0,2017-01-08 14:30:00,631,None,88,None,580,682,46,0.1.5b,11500,11180,325,2
0,2017-01-08 15:00:00,429,None,100,None,389,470,46,0.1.5b,11500,11180,321,2
0,2017-01-08 15:30:00,235,None,91,None,215,254,46,0.1.5b,11500,11180,336,2
0,2017-01-08 16:00:00,104,None,83,None,93.4,114,46,0.1.5b,11500,11180,189,1
0,2017-01-08 16:30:00,2.16,None,180,None,0.562,3.76,46,0.1.5b,11500,11180,19,0
0,2017-01-09 08:30:00,37.4,None,120,None,28,46.8,46,0.1.5b,11500,11180,61,0
0,2017-01-09 09:00:00,137,None,89,None,123,152,46,0.1.5b,11500,11180,206,1
0,2017-01-09 09:30:00,251,None,90,None,229,273,46,0.1.5b,11500,11180,286,2
0,2017-01-09 10:00:00,350,None,93,None,319,381,46,0.1.5b,11500,11180,300,2
0,2017-01-09 10:30:00,444,None,92,None,406,482,46,0.1.5b,11500,11180,318,2
0,2017-01-09 11:00:00,555,None,81,None,514,596,46,0.1.5b,11500,11180,324,2
0,2017-01-09 11:30:00,643,None,92,None,590,697,46,0.1.5b,11500,11180,331,2
0,2017-01-09 12:00:00,638,None,91,None,583,693,46,0.1.5b,11500,11180,309,2
0,2017-01-09 12:30:00,568,None,82,None,524,612,46,0.1.5b,11500,11180,306,2
0,2017-01-09 13:00:00,577,None,100,None,521,632,46,0.1.5b,11500,11180,322,2
0,2017-01-09 13:30:00,529,None,110,None,475,584,46,0.1.5b,11500,11180,326,2
0,2017-01-09 14:00:00,476,None,110,None,427,525,46,0.1.5b,11500,11180,322,2
0,2017-01-09 14:30:00,434,None,130,None,382,486,46,0.1.5b,11500,11180,321,2
0,2017-01-09 15:00:00,352,None,130,None,309,395,46,0.1.5b,11500,11180,311,2
0,2017-01-09 15:30:00,284,None,140,None,243,325,46,0.1.5b,11500,11180,243,2
0,2017-01-09 16:00:00,187,None,97,None,158,216,46,0.1.5b,11500,11180,107,1
0,2017-01-09 16:30:00,28.9,None,160,None,0.374,57.4,46,0.1.5b,11500,11180,10,0
0,2017-01-10 08:00:00,1.03,None,130,None,0.305,1.75,46,0.1.5b,11500,11180,12,0
0,2017-01-10 08:30:00,55.3,None,79,None,48.7,61.8,46,0.1.5b,11500,11180,124,1
0,2017-01-10 09:00:00,251,None,84,None,232,271,46,0.1.5b,11500,11180,319,3
0,2017-01-10 09:30:00,602,None,95,None,550,653,46,0.1.5b,11500,11180,338,3
0,2017-01-10 10:00:00,914,None,94,None,836,992,46,0.1.5b,11500,11180,335,2
0,2017-01-10 10:30:00,1070,None,90,None,979,1150,46,0.1.5b,11500,11180,337,3
0,2017-01-10 11:00:00,1060,None,84,None,982,1140,46,0.1.5b,11500,11180,339,3
0,2017-01-10 11:30:00,1190,None,79,None,1110,1280,46,0.1.5b,11500,11180,338,2
0,2017-01-10 12:00:00,1210,None,71,None,1130,1290,46,0.1.5b,11500,11180,339,2
0,2017-01-10 12:30:00,1200,None,60,None,1140,1270,46,0.1.5b,11500,11180,339,4
0,2017-01-10 13:00:00,1220,None,66,None,1150,1300,46,0.1.5b,11500,11180,339,2
0,2017-01-10 13:30:00,1210,None,80,None,1120,1290,46,0.1.5b,11500,11180,340,2
0,2017-01-10 14:00:00,1050,None,79,None,974,1120,46,0.1.5b,11500,11180,336,2
0,2017-01-10 14:30:00,878,None,92,None,804,952,46,0.1.5b,11500,11180,323,2
0,2017-01-10 15:00:00,651,None,100,None,590,712,46,0.1.5b,11500,11180,323,2
0,2017-01-10 15:30:00,350,None,100,None,318,383,46,0.1.5b,11500,11180,323,2
0,2017-01-10 16:00:00,125,None,92,None,112,139,46,0.1.5b,11500,11180,197,1
0,2017-01-10 16:30:00,7.01,None,280,None,None,16.8,46,0.1.5b,11500,11180,14,0
0,2017-01-11 08:00:00,0.425,None,200,None,None,0.949,46,0.1.5b,11500,11180,10,0
0,2017-01-11 08:30:00,71.2,None,110,None,57.8,84.6,46,0.1.5b,11500,11180,89,1
0,2017-01-11 09:00:00,299,None,100,None,272,326,46,0.1.5b,11500,11180,333,2
0,2017-01-11 09:30:00,810,None,81,None,751,868,46,0.1.5b,11500,11180,340,2
0,2017-01-11 10:00:00,1350,None,76,None,1260,1440,46,0.1.5b,11500,11180,351,2
0,2017-01-11 10:30:00,1760,None,73,None,1650,1880,46,0.1.5b,11500,11180,330,2
0,2017-01-11 11:00:00,2260,None,68,None,2130,2400,46,0.1.5b,11500,11180,351,3
0,2017-01-11 11:30:00,2410,None,68,None,2260,2560,46,0.1.5b,11500,11180,343,3
0,2017-01-11 12:00:00,2490,None,67,None,2340,2650,46,0.1.5b,11500,11180,332,2
0,2017-01-11 12:30:00,2580,None,65,None,2440,2730,46,0.1.5b,11500,11180,353,3
0,2017-01-11 13:00:00,2660,None,62,None,2510,2800,46,0.1.5b,11500,11180,361,2
0,2017-01-11 13:30:00,2400,None,63,None,2260,2530,46,0.1.5b,11500,11180,338,2
0,2017-01-11 14:00:00,2030,None,63,None,1920,2150,46,0.1.5b,11500,11180,339,2
0,2017-01-11 14:30:00,1700,None,68,None,1600,1810,46,0.1.5b,11500,11180,343,2
0,2017-01-11 15:00:00,1270,None,73,None,1190,1360,46,0.1.5b,11500,11180,336,2
0,2017-01-11 15:30:00,725,None,76,None,677,774,46,0.1.5b,11500,11180,357,2
0,2017-01-11 16:00:00,250,None,73,None,233,266,46,0.1.5b,11500,11180,331,2
0,2017-01-11 16:30:00,54.8,None,120,None,27.8,81.9,46,0.1.5b,11500,11180,18,0
0,2017-01-12 08:30:00,5.64,None,130,None,3.85,7.43,46,0.1.5b,11500,11180,49,0
0,2017-01-12 09:00:00,117,None,48,None,112,122,46,0.1.5b,11500,11180,302,2
0,2017-01-12 09:30:00,255,None,48,None,244,267,46,0.1.5b,11500,11180,298,2
0,2017-01-12 10:00:00,393,None,52,None,374,412,46,0.1.5b,11500,11180,321,2
0,2017-01-12 10:30:00,531,None,48,None,508,554,46,0.1.5b,11500,11180,335,2
0,2017-01-12 11:00:00,606,None,59,None,573,638,46,0.1.5b,11500,11180,332,2
0,2017-01-12 11:30:00,629,None,68,None,591,666,46,0.1.5b,11500,11180,355,3
0,2017-01-12 12:00:00,588,None,84,None,542,633,46,0.1.5b,11500,11180,323,2
0,2017-01-12 12:30:00,516,None,110,None,463,569,46,0.1.5b,11500,11180,309,2
0,2017-01-12 13:00:00,427,None,110,None,380,474,46,0.1.5b,11500,11180,285,2
0,2017-01-12 13:30:00,356,None,100,None,321,390,46,0.1.5b,11500,11180,299,2
0,2017-01-12 14:00:00,293,None,110,None,261,324,46,0.1.5b,11500,11180,294,2
0,2017-01-12 14:30:00,233,None,120,None,207,260,46,0.1.5b,11500,11180,290,2
0,2017-01-12 15:00:00,165,None,130,None,143,187,46,0.1.5b,11500,11180,279,2
0,2017-01-12 15:30:00,95.8,None,130,None,80.3,111,46,0.1.5b,11500,11180,182,1
0,2017-01-12 16:00:00,54.2,None,150,None,32.7,75.7,46,0.1.5b,11500,11180,44,0
0,2017-01-12 16:30:00,13.1,None,170,None,None,44,46,0.1.5b,11500,11180,4,0
0,2017-01-13 08:30:00,81.8,None,94,None,66.2,97.3,46,0.1.5b,11500,11180,69,0
0,2017-01-13 09:00:00,254,None,140,None,216,291,46,0.1.5b,11500,11180,237,1
0,2017-01-13 09:30:00,482,None,130,None,423,541,46,0.1.5b,11500,11180,299,2
0,2017-01-13 10:00:00,783,None,110,None,706,861,46,0.1.5b,11500,11180,337,2
0,2017-01-13 10:30:00,1230,None,100,None,1110,1340,46,0.1.5b,11500,11180,344,2
0,2017-01-13 11:00:00,1800,None,89,None,1660,1950,46,0.1.5b,11500,11180,332,2
0,2017-01-13 11:30:00,2280,None,78,None,2110,2440,46,0.1.5b,11500,11180,331,2
0,2017-01-13 12:00:00,2650,None,70,None,2480,2820,46,0.1.5b,11500,11180,327,2
0,2017-01-13 12:30:00,2780,None,64,None,2620,2940,46,0.1.5b,11500,11180,339,2
0,2017-01-13 13:00:00,2860,None,65,None,2690,3030,46,0.1.5b,11500,11180,327,2
0,2017-01-13 13:30:00,2680,None,67,None,2520,2850,46,0.1.5b,11500,11180,329,2
0,2017-01-13 14:00:00,2050,None,73,None,1920,2190,46,0.1.5b,11500,11180,328,2
0,2017-01-13 14:30:00,1620,None,79,None,1500,1730,46,0.1.5b,11500,11180,328,2
0,2017-01-13 15:00:00,1030,None,84,None,949,1110,46,0.1.5b,11500,11180,327,2
0,2017-01-13 15:30:00,597,None,84,None,551,644,46,0.1.5b,11500,11180,321,2
0,2017-01-13 16:00:00,252,None,78,None,231,272,46,0.1.5b,11500,11180,249,1
0,2017-01-13 16:30:00,67.8,None,75,None,52,83.6,46,0.1.5b,11500,11180,31,0
0,2017-01-14 08:30:00,83.5,None,77,None,73.6,93.3,46,0.1.5b,11500,11180,119,1
0,2017-01-14 09:00:00,344,None,110,None,307,382,46,0.1.5b,11500,11180,301,2
0,2017-01-14 09:30:00,727,None,110,None,657,796,46,0.1.5b,11500,11180,326,2
0,2017-01-14 10:00:00,1130,None,92,None,1040,1230,46,0.1.5b,11500,11180,325,3
0,2017-01-14 10:30:00,1580,None,88,None,1460,1710,46,0.1.5b,11500,11180,342,2
0,2017-01-14 11:00:00,2000,None,78,None,1850,2140,46,0.1.5b,11500,11180,316,2
0,2017-01-14 11:30:00,2440,None,74,None,2270,2610,46,0.1.5b,11500,11180,313,2
0,2017-01-14 12:00:00,2580,None,71,None,2410,2750,46,0.1.5b,11500,11180,308,2
0,2017-01-14 12:30:00,2590,None,72,None,2420,2750,46,0.1.5b,11500,11180,344,2
0,2017-01-14 13:00:00,2630,None,75,None,2450,2810,46,0.1.5b,11500,11180,317,2
0,2017-01-14 13:30:00,2370,None,80,None,2190,2550,46,0.1.5b,11500,11180,312,2
0,2017-01-14 14:00:00,2150,None,82,None,2000,2310,46,0.1.5b,11500,11180,337,2
0,2017-01-14 14:30:00,1780,None,88,None,1640,1920,46,0.1.5b,11500,11180,328,2
0,2017-01-14 15:00:00,1290,None,92,None,1180,1390,46,0.1.5b,11500,11180,326,2
0,2017-01-14 15:30:00,767,None,99,None,698,836,46,0.1.5b,11500,11180,334,2
0,2017-01-14 16:00:00,285,None,99,None,260,311,46,0.1.5b,11500,11180,334,2
0,2017-01-14 16:30:00,49.5,None,91,None,33,66,46,0.1.5b,11500,11180,23,0
0,2017-01-15 08:30:00,1.55,None,180,None,0.916,2.18,46,0.1.5b,11500,11180,56,0
0,2017-01-15 09:00:00,60.2,None,59,None,56.2,64.1,46,0.1.5b,11500,11180,220,1
0,2017-01-15 09:30:00,154,None,43,None,148,160,46,0.1.5b,11500,11180,298,2
0,2017-01-15 10:00:00,260,None,45,None,249,271,46,0.1.5b,11500,11180,306,2
0,2017-01-15 10:30:00,375,None,50,None,358,392,46,0.1.5b,11500,11180,319,2
0,2017-01-15 11:00:00,468,None,64,None,440,495,46,0.1.5b,11500,11180,325,2
0,2017-01-15 11:30:00,531,None,60,None,501,560,46,0.1.5b,11500,11180,326,2
0,2017-01-15 12:00:00,632,None,62,None,596,668,46,0.1.5b,11500,11180,319,2
0,2017-01-15 12:30:00,718,None,76,None,668,768,46,0.1.5b,11500,11180,325,3
0,2017-01-15 13:00:00,760,None,85,None,701,819,46,0.1.5b,11500,11180,320,2
0,2017-01-15 13:30:00,804,None,97,None,732,875,46,0.1.5b,11500,11180,324,2
0,2017-01-15 14:00:00,707,None,100,None,640,774,46,0.1.5b,11500,11180,321,2
0,2017-01-15 14:30:00,554,None,96,None,503,604,46,0.1.5b,11500,11180,302,2
0,2017-01-15 15:00:00,449,None,120,None,398,501,46,0.1.5b,11500,11180,303,2
0,2017-01-15 15:30:00,256,None,90,None,235,277,46,0.1.5b,11500,11180,331,2
0,2017-01-15 16:00:00,143,None,96,None,128,159,46,0.1.5b,11500,11180,219,1
0,2017-01-15 16:30:00,56.3,None,140,None,35.4,77.3,46,0.1.5b,11500,11180,39,0
0,2017-01-16 08:00:00,13.3,None,210,None,2.37,24.2,46,0.1.5b,11500,11180,20,0
0,2017-01-16 08:30:00,16.9,None,260,None,6.09,27.8,46,0.1.5b,11500,11180,48,0
0,2017-01-16 09:00:00,121,None,220,None,92.4,150,46,0.1.5b,11500,11180,232,1
0,2017-01-16 09:30:00,235,None,150,None,202,269,46,0.1.5b,11500,11180,303,2
0,2017-01-16 10:00:00,349,None,110,None,312,385,46,0.1.5b,11500,11180,312,2
0,2017-01-16 10:30:00,413,None,88,None,378,447,46,0.1.5b,11500,11180,307,2
0,2017-01-16 11:00:00,519,None,93,None,474,564,46,0.1.5b,11500,11180,320,2
0,2017-01-16 11:30:00,604,None,79,None,560,649,46,0.1.5b,11500,11180,316,2
0,2017-01-16 12:00:00,699,None,89,None,643,755,46,0.1.5b,11500,11180,335,2
0,2017-01-16 12:30:00,787,None,99,None,718,856,46,0.1.5b,11500,11180,350,2
0,2017-01-16 13:00:00,814,None,98,None,743,886,46,0.1.5b,11500,11180,336,2
0,2017-01-16 13:30:00,765,None,87,None,705,825,46,0.1.5b,11500,11180,337,2
0,2017-01-16 14:00:00,675,None,89,None,620,730,46,0.1.5b,11500,11180,324,2
0,2017-01-16 14:30:00,559,None,95,None,511,607,46,0.1.5b,11500,11180,334,3
0,2017-01-16 15:00:00,401,None,91,None,369,434,46,0.1.5b,11500,11180,349,3
0,2017-01-16 15:30:00,246,None,89,None,226,265,46,0.1.5b,11500,11180,330,3
0,2017-01-16 16:00:00,110,None,80,None,101,119,46,0.1.5b,11500,11180,269,1
0,2017-01-16 16:30:00,31.2,None,160,None,17.5,45,46,0.1.5b,11500,11180,37,0
0,2017-01-17 08:00:00,0.853,None,160,None,0.17,1.54,46,0.1.5b,11500,11180,14,0
0,2017-01-17 08:30:00,63.4,None,95,None,55.1,71.7,46,0.1.5b,11500,11180,145,1
0,2017-01-17 09:00:00,256,None,120,None,228,285,46,0.1.5b,11500,11180,308,2
0,2017-01-17 09:30:00,578,None,120,None,512,643,46,0.1.5b,11500,11180,319,3
0,2017-01-17 10:00:00,929,None,110,None,833,1020,46,0.1.5b,11500,11180,333,3
0,2017-01-17 10:30:00,1340,None,110,None,1210,1470,46,0.1.5b,11500,11180,328,3
0,2017-01-17 11:00:00,1620,None,99,None,1470,1770,46,0.1.5b,11500,11180,322,3
0,2017-01-17 11:30:00,1800,None,95,None,1640,1960,46,0.1.5b,11500,11180,319,3
0,2017-01-17 12:00:00,1960,None,97,None,1790,2140,46,0.1.5b,11500,11180,327,3
0,2017-01-17 12:30:00,2030,None,96,None,1860,2210,46,0.1.5b,11500,11180,327,2
0,2017-01-17 13:00:00,2020,None,99,None,1830,2200,46,0.1.5b,11500,11180,322,3
0,2017-01-17 13:30:00,1860,None,100,None,1690,2030,46,0.1.5b,11500,11180,350,4
0,2017-01-17 14:00:00,1690,None,100,None,1530,1850,46,0.1.5b,11500,11180,318,2
0,2017-01-17 14:30:00,1400,None,110,None,1260,1540,46,0.1.5b,11500,11180,321,3
0,2017-01-17 15:00:00,1060,None,110,None,948,1170,46,0.1.5b,11500,11180,304,3
0,2017-01-17 15:30:00,668,None,110,None,599,737,46,0.1.5b,11500,11180,317,4
0,2017-01-17 16:00:00,296,None,120,None,263,329,46,0.1.5b,11500,11180,302,4
0,2017-01-17 16:30:00,88,None,92,None,73,103,46,0.1.5b,11500,11180,82,0
0,2017-01-18 08:00:00,11.9,None,280,None,0.638,23.2,46,0.1.5b,11500,11180,27,0
0,2017-01-18 08:30:00,173,None,95,None,152,194,46,0.1.5b,11500,11180,169,1
0,2017-01-18 09:00:00,465,None,130,None,409,520,46,0.1.5b,11500,11180,302,3
0,2017-01-18 09:30:00,896,None,110,None,805,987,46,0.1.5b,11500,11180,340,3
0,2017-01-18 10:00:00,1350,None,100,None,1230,1480,46,0.1.5b,11500,11180,323,3
0,2017-01-18 10:30:00,1720,None,99,None,1560,1870,46,0.1.5b,11500,11180,332,3
0,2017-01-18 11:00:00,2080,None,93,None,1910,2260,46,0.1.5b,11500,11180,329,3
0,2017-01-18 11:30:00,2280,None,91,None,2100,2470,46,0.1.5b,11500,11180,343,3
0,2017-01-18 12:00:00,2400,None,89,None,2210,2590,46,0.1.5b,11500,11180,344,3
0,2017-01-18 12:30:00,2480,None,89,None,2280,2680,46,0.1.5b,11500,11180,344,3
0,2017-01-18 13:00:00,2390,None,91,None,2200,2590,46,0.1.5b,11500,11180,341,3
0,2017-01-18 13:30:00,2290,None,93,None,2100,2470,46,0.1.5b,11500,11180,340,3
0,2017-01-18 14:00:00,2030,None,98,None,1860,2210,46,0.1.5b,11500,11180,346,4
0,2017-01-18 14:30:00,1700,None,100,None,1540,1860,46,0.1.5b,11500,11180,348,3
0,2017-01-18 15:00:00,1270,None,110,None,1150,1400,46,0.1.5b,11500,11180,341,3
0,2017-01-18 15:30:00,873,None,120,None,770,975,46,0.1.5b,11500,11180,309,3
0,2017-01-18 16:00:00,473,None,130,None,410,536,46,0.1.5b,11500,11180,277,2
0,2017-01-18 16:30:00,196,None,110,None,167,224,46,0.1.5b,11500,11180,150,1
0,2017-01-19 08:00:00,1.98,None,130,None,0.371,3.58,46,0.1.5b,11500,11180,10,0
0,2017-01-19 08:30:00,111,None,110,None,94.4,127,46,0.1.5b,11500,11180,143,1
0,2017-01-19 09:00:00,358,None,140,None,307,408,46,0.1.5b,11500,11180,276,2
0,2017-01-19 09:30:00,728,None,130,None,645,812,46,0.1.5b,11500,11180,348,2
0,2017-01-19 10:00:00,1190,None,110,None,1070,1310,46,0.1.5b,11500,11180,337,2
0,2017-01-19 10:30:00,1650,None,100,None,1490,1800,46,0.1.5b,11500,11180,310,3
0,2017-01-19 11:00:00,2050,None,96,None,1860,2230,46,0.1.5b,11500,11180,314,2
0,2017-01-19 11:30:00,2440,None,91,None,2230,2660,46,0.1.5b,11500,11180,288,2
0,2017-01-19 12:00:00,2570,None,91,None,2350,2800,46,0.1.5b,11500,11180,296,3
0,2017-01-19 12:30:00,2690,None,90,None,2460,2920,46,0.1.5b,11500,11180,301,2
0,2017-01-19 13:00:00,2610,None,91,None,2390,2830,46,0.1.5b,11500,11180,320,2
0,2017-01-19 13:30:00,2560,None,90,None,2340,2780,46,0.1.5b,11500,11180,296,2
0,2017-01-19 14:00:00,2280,None,93,None,2070,2480,46,0.1.5b,11500,11180,301,2
0,2017-01-19 14:30:00,1840,None,100,None,1670,2020,46,0.1.5b,11500,11180,320,2
0,2017-01-19 15:00:00,1390,None,110,None,1260,1530,46,0.1.5b,11500,11180,343,3
0,2017-01-19 15:30:00,923,None,120,None,824,1020,46,0.1.5b,11500,11180,347,3
0,2017-01-19 16:00:00,512,None,120,None,447,576,46,0.1.5b,11500,11180,264,2
0,2017-01-19 16:30:00,225,None,110,None,191,259,46,0.1.5b,11500,11180,139,0
0,2017-01-20 08:00:00,14.3,None,340,None,0.834,27.8,46,0.1.5b,11500,11180,39,0
0,2017-01-20 08:30:00,189,None,110,None,167,211,46,0.1.5b,11500,11180,236,1
0,2017-01-20 09:00:00,707,None,110,None,636,779,46,0.1.5b,11500,11180,350,2
0,2017-01-20 09:30:00,1450,None,91,None,1330,1570,46,0.1.5b,11500,11180,325,2
0,2017-01-20 10:00:00,2190,None,77,None,2040,2340,46,0.1.5b,11500,11180,328,3
0,2017-01-20 10:30:00,2910,None,66,None,2740,3090,46,0.1.5b,11500,11180,327,2
0,2017-01-20 11:00:00,3570,None,58,None,3380,3760,46,0.1.5b,11500,11180,321,2
0,2017-01-20 11:30:00,4050,None,52,None,3850,4240,46,0.1.5b,11500,11180,322,2
0,2017-01-20 12:00:00,4360,None,48,None,4170,4550,46,0.1.5b,11500,11180,327,4
0,2017-01-20 12:30:00,4530,None,47,None,4330,4720,46,0.1.5b,11500,11180,329,3
0,2017-01-20 13:00:00,4410,None,50,None,4220,4610,46,0.1.5b,11500,11180,340,2
0,2017-01-20 13:30:00,4210,None,51,None,4020,4410,46,0.1.5b,11500,11180,335,2
0,2017-01-20 14:00:00,3850,None,53,None,3660,4040,46,0.1.5b,11500,11180,327,2
0,2017-01-20 14:30:00,3240,None,60,None,3070,3420,46,0.1.5b,11500,11180,345,2
0,2017-01-20 15:00:00,2580,None,67,None,2420,2730,46,0.1.5b,11500,11180,338,2
0,2017-01-20 15:30:00,1780,None,75,None,1660,1900,46,0.1.5b,11500,11180,346,2
0,2017-01-20 16:00:00,898,None,92,None,825,971,46,0.1.5b,11500,11180,351,2
0,2017-01-20 16:30:00,243,None,110,None,217,269,46,0.1.5b,11500,11180,288,1
0,2017-01-20 17:00:00,10.3,None,140,None,None,22.1,46,0.1.5b,11500,11180,7,0
0,2017-01-21 08:00:00,2.87,None,91,None,1.84,3.9,46,0.1.5b,11500,11180,20,0
0,2017-01-21 08:30:00,135,None,120,None,117,153,46,0.1.5b,11500,11180,219,1
0,2017-01-21 09:00:00,464,None,130,None,411,517,46,0.1.5b,11500,11180,346,2
0,2017-01-21 09:30:00,1020,None,110,None,919,1120,46,0.1.5b,11500,11180,324,3
0,2017-01-21 10:00:00,1510,None,100,None,1370,1660,46,0.1.5b,11500,11180,317,3
0,2017-01-21 10:30:00,1940,None,95,None,1770,2120,46,0.1.5b,11500,11180,305,2
0,2017-01-21 11:00:00,2210,None,90,None,2020,2390,46,0.1.5b,11500,11180,320,2
0,2017-01-21 11:30:00,2440,None,89,None,2240,2630,46,0.1.5b,11500,11180,345,2
0,2017-01-21 12:00:00,2550,None,90,None,2340,2760,46,0.1.5b,11500,11180,323,3
0,2017-01-21 12:30:00,2490,None,92,None,2280,2700,46,0.1.5b,11500,11180,328,2
0,2017-01-21 13:00:00,2440,None,95,None,2230,2650,46,0.1.5b,11500,11180,329,2
0,2017-01-21 13:30:00,2250,None,97,None,2050,2450,46,0.1.5b,11500,11180,332,2
0,2017-01-21 14:00:00,1950,None,100,None,1780,2130,46,0.1.5b,11500,11180,349,2
0,2017-01-21 14:30:00,1710,None,100,None,1550,1870,46,0.1.5b,11500,11180,324,2
0,2017-01-21 15:00:00,1310,None,110,None,1190,1440,46,0.1.5b,11500,11180,326,2
0,2017-01-21 15:30:00,856,None,110,None,770,942,46,0.1.5b,11500,11180,349,2
0,2017-01-21 16:00:00,453,None,120,None,401,504,46,0.1.5b,11500,11180,299,2
0,2017-01-21 16:30:00,157,None,83,None,139,174,46,0.1.5b,11500,11180,155,0
0,2017-01-22 08:00:00,4.63,None,95,None,3.21,6.04,46,0.1.5b,11500,11180,29,0
0,2017-01-22 08:30:00,155,None,67,None,143,166,46,0.1.5b,11500,11180,227,1
0,2017-01-22 09:00:00,499,None,99,None,454,543,46,0.1.5b,11500,11180,336,2
0,2017-01-22 09:30:00,1020,None,93,None,939,1110,46,0.1.5b,11500,11180,352,3
0,2017-01-22 10:00:00,1530,None,87,None,1400,1650,46,0.1.5b,11500,11180,312,3
0,2017-01-22 10:30:00,1970,None,81,None,1830,2110,46,0.1.5b,11500,11180,341,2
0,2017-01-22 11:00:00,2370,None,78,None,2200,2540,46,0.1.5b,11500,11180,326,2
0,2017-01-22 11:30:00,2590,None,78,None,2410,2770,46,0.1.5b,11500,11180,333,3
0,2017-01-22 12:00:00,2720,None,77,None,2530,2910,46,0.1.5b,11500,11180,346,3
0,2017-01-22 12:30:00,2840,None,76,None,2630,3040,46,0.1.5b,11500,11180,306,2
0,2017-01-22 13:00:00,2700,None,79,None,2500,2890,46,0.1.5b,11500,11180,334,2
0,2017-01-22 13:30:00,2490,None,81,None,2300,2670,46,0.1.5b,11500,11180,326,2
0,2017-01-22 14:00:00,2260,None,82,None,2100,2420,46,0.1.5b,11500,11180,349,2
0,2017-01-22 14:30:00,1920,None,83,None,1780,2060,46,0.1.5b,11500,11180,349,2
0,2017-01-22 15:00:00,1470,None,90,None,1350,1580,46,0.1.5b,11500,11180,352,2
0,2017-01-22 15:30:00,1020,None,91,None,938,1110,46,0.1.5b,11500,11180,334,2
0,2017-01-22 16:00:00,517,None,93,None,474,560,46,0.1.5b,11500,11180,338,2
0,2017-01-22 16:30:00,181,None,74,None,166,197,46,0.1.5b,11500,11180,199,1
0,2017-01-22 17:00:00,28,None,150,None,4.52,51.5,46,0.1.5b,11500,11180,11,0
0,2017-01-23 08:00:00,1.08,None,170,None,0.306,1.85,46,0.1.5b,11500,11180,18,0
0,2017-01-23 08:30:00,90.3,None,87,None,81.1,99.4,46,0.1.5b,11500,11180,203,1
0,2017-01-23 09:00:00,305,None,88,None,280,329,46,0.1.5b,11500,11180,337,2
0,2017-01-23 09:30:00,635,None,86,None,586,684,46,0.1.5b,11500,11180,337,3
0,2017-01-23 10:00:00,1050,None,88,None,964,1130,46,0.1.5b,11500,11180,338,2
0,2017-01-23 10:30:00,1440,None,86,None,1330,1550,46,0.1.5b,11500,11180,341,2
0,2017-01-23 11:00:00,1800,None,80,None,1670,1920,46,0.1.5b,11500,11180,352,2
0,2017-01-23 11:30:00,2040,None,78,None,1900,2180,46,0.1.5b,11500,11180,340,2
0,2017-01-23 12:00:00,2100,None,72,None,1970,2230,46,0.1.5b,11500,11180,341,2
0,2017-01-23 12:30:00,2150,None,69,None,2020,2280,46,0.1.5b,11500,11180,353,2
0,2017-01-23 13:00:00,2230,None,73,None,2090,2370,46,0.1.5b,11500,11180,352,2
0,2017-01-23 13:30:00,2170,None,75,None,2030,2320,46,0.1.5b,11500,11180,352,2
0,2017-01-23 14:00:00,1980,None,77,None,1840,2110,46,0.1.5b,11500,11180,338,2
0,2017-01-23 14:30:00,1710,None,81,None,1590,1840,46,0.1.5b,11500,11180,364,2
0,2017-01-23 15:00:00,1330,None,91,None,1230,1440,46,0.1.5b,11500,11180,362,2
0,2017-01-23 15:30:00,907,None,100,None,822,992,46,0.1.5b,11500,11180,337,2
0,2017-01-23 16:00:00,469,None,130,None,415,524,46,0.1.5b,11500,11180,329,2
0,2017-01-23 16:30:00,224,None,140,None,188,261,46,0.1.5b,11500,11180,190,1
0,2017-01-24 08:00:00,7.81,None,120,None,5.1,10.5,46,0.1.5b,11500,11170,33,0
0,2017-01-24 08:30:00,195,None,76,None,181,208,46,0.1.5b,11500,11170,323,2
0,2017-01-24 09:00:00,651,None,82,None,604,697,46,0.1.5b,11500,11170,355,2
0,2017-01-24 09:30:00,1270,None,75,None,1190,1360,46,0.1.5b,11500,11170,354,3
0,2017-01-24 10:00:00,1810,None,69,None,1700,1920,46,0.1.5b,11500,11170,354,2
0,2017-01-24 10:30:00,2360,None,63,None,2220,2490,46,0.1.5b,11500,11170,352,2
0,2017-01-24 11:00:00,2830,None,61,None,2670,2980,46,0.1.5b,11500,11170,354,4
0,2017-01-24 11:30:00,3160,None,61,None,2990,3330,46,0.1.5b,11500,11170,356,2
0,2017-01-24 12:00:00,3440,None,58,None,3260,3610,46,0.1.5b,11500,11170,354,2
0,2017-01-24 12:30:00,3450,None,58,None,3270,3640,46,0.1.5b,11500,11170,325,2
0,2017-01-24 13:00:00,3350,None,60,None,3170,3530,46,0.1.5b,11500,11170,346,2
0,2017-01-24 13:30:00,3150,None,61,None,2980,3320,46,0.1.5b,11500,11170,352,2
0,2017-01-24 14:00:00,2810,None,63,None,2660,2970,46,0.1.5b,11500,11170,357,2
0,2017-01-24 14:30:00,2340,None,65,None,2210,2480,46,0.1.5b,11500,11170,356,2
0,2017-01-24 15:00:00,1770,None,72,None,1660,1880,46,0.1.5b,11500,11170,360,2
0,2017-01-24 15:30:00,1150,None,74,None,1080,1230,46,0.1.5b,11500,11170,358,2
0,2017-01-24 16:00:00,561,None,75,None,524,598,46,0.1.5b,11500,11170,356,2
0,2017-01-24 16:30:00,178,None,65,None,166,189,46,0.1.5b,11500,11170,266,1
0,2017-01-24 17:00:00,23.4,None,260,None,None,62.8,46,0.1.5b,11500,11170,9,0
0,2017-01-25 08:00:00,1.5,None,160,None,0.983,2.01,46,0.1.5b,11500,11170,58,0
0,2017-01-25 08:30:00,104,None,100,None,94,114,46,0.1.5b,11500,11170,309,2
0,2017-01-25 09:00:00,426,None,130,None,377,475,46,0.1.5b,11500,11170,332,2
0,2017-01-25 09:30:00,857,None,120,None,767,948,46,0.1.5b,11500,11170,356,3
0,2017-01-25 10:00:00,1390,None,110,None,1250,1530,46,0.1.5b,11500,11170,328,2
0,2017-01-25 10:30:00,1840,None,100,None,1680,2000,46,0.1.5b,11500,11170,349,2
0,2017-01-25 11:00:00,2260,None,93,None,2080,2450,46,0.1.5b,11500,11170,350,3
0,2017-01-25 11:30:00,2520,None,89,None,2320,2720,46,0.1.5b,11500,11170,345,2
0,2017-01-25 12:00:00,2730,None,87,None,2520,2940,46,0.1.5b,11500,11170,350,2
0,2017-01-25 12:30:00,2730,None,89,None,2510,2940,46,0.1.5b,11500,11170,343,2
0,2017-01-25 13:00:00,2700,None,92,None,2480,2910,46,0.1.5b,11500,11170,351,2
0,2017-01-25 13:30:00,2560,None,94,None,2350,2780,46,0.1.5b,11500,11170,347,2
0,2017-01-25 14:00:00,2230,None,100,None,2030,2420,46,0.1.5b,11500,11170,351,2
0,2017-01-25 14:30:00,1870,None,110,None,1690,2050,46,0.1.5b,11500,11170,350,2
0,2017-01-25 15:00:00,1460,None,110,None,1310,1610,46,0.1.5b,11500,11170,332,2
0,2017-01-25 15:30:00,981,None,130,None,871,1090,46,0.1.5b,11500,11170,340,2
0,2017-01-25 16:00:00,516,None,140,None,450,582,46,0.1.5b,11500,11170,332,2
0,2017-01-25 16:30:00,238,None,140,None,195,281,46,0.1.5b,11500,11170,158,1
0,2017-01-25 17:00:00,22.9,None,190,None,None,62.5,46,0.1.5b,11500,11170,6,0
0,2017-01-26 08:30:00,8.58,None,220,None,5.29,11.9,46,0.1.5b,11500,11170,94,1
0,2017-01-26 09:00:00,77.5,None,130,None,67.7,87.2,46,0.1.5b,11500,11170,292,3
0,2017-01-26 09:30:00,192,None,160,None,162,222,46,0.1.5b,11500,11170,282,3
0,2017-01-26 10:00:00,304,None,170,None,254,354,46,0.1.5b,11500,11170,279,3
0,2017-01-26 10:30:00,422,None,160,None,357,488,46,0.1.5b,11500,11170,292,3
0,2017-01-26 11:00:00,532,None,150,None,460,605,46,0.1.5b,11500,11170,346,3
0,2017-01-26 11:30:00,609,None,140,None,535,683,46,0.1.5b,11500,11170,346,4
0,2017-01-26 12:00:00,692,None,130,None,612,772,46,0.1.5b,11500,11170,341,3
0,2017-01-26 12:30:00,744,None,120,None,662,826,46,0.1.5b,11500,11170,349,2
0,2017-01-26 13:00:00,761,None,130,None,674,848,46,0.1.5b,11500,11170,343,4
0,2017-01-26 13:30:00,760,None,110,None,682,838,46,0.1.5b,11500,11170,340,2
0,2017-01-26 14:00:00,768,None,110,None,692,844,46,0.1.5b,11500,11170,323,3
0,2017-01-26 14:30:00,724,None,110,None,650,797,46,0.1.5b,11500,11170,322,4
0,2017-01-26 15:00:00,655,None,120,None,585,725,46,0.1.5b,11500,11170,333,3
0,2017-01-26 15:30:00,513,None,120,None,458,569,46,0.1.5b,11500,11170,345,3
0,2017-01-26 16:00:00,317,None,120,None,281,353,46,0.1.5b,11500,11170,309,2
0,2017-01-26 16:30:00,157,None,93,None,140,173,46,0.1.5b,11500,11170,211,2
0,2017-01-27 08:00:00,1.64,None,140,None,0.847,2.42,46,0.1.5b,11500,11170,26,0
0,2017-01-27 08:30:00,111,None,86,None,100,122,46,0.1.5b,11500,11170,209,1
0,2017-01-27 09:00:00,348,None,83,None,321,375,46,0.1.5b,11500,11170,318,2
0,2017-01-27 09:30:00,671,None,86,None,620,722,46,0.1.5b,11500,11170,350,3
0,2017-01-27 10:00:00,989,None,89,None,911,1070,46,0.1.5b,11500,11170,350,3
0,2017-01-27 10:30:00,1300,None,84,None,1200,1390,46,0.1.5b,11500,11170,350,2
0,2017-01-27 11:00:00,1560,None,79,None,1450,1670,46,0.1.5b,11500,11170,348,2
0,2017-01-27 11:30:00,1630,None,77,None,1520,1750,46,0.1.5b,11500,11170,353,2
0,2017-01-27 12:00:00,1750,None,76,None,1630,1860,46,0.1.5b,11500,11170,355,2
0,2017-01-27 12:30:00,1800,None,73,None,1690,1920,46,0.1.5b,11500,11170,345,2
0,2017-01-27 13:00:00,1730,None,75,None,1620,1850,46,0.1.5b,11500,11170,344,2
0,2017-01-27 13:30:00,1560,None,77,None,1450,1670,46,0.1.5b,11500,11170,351,2
0,2017-01-27 14:00:00,1300,None,73,None,1220,1380,46,0.1.5b,11500,11170,347,2
0,2017-01-27 14:30:00,980,None,75,None,915,1050,46,0.1.5b,11500,11170,351,2
0,2017-01-27 15:00:00,708,None,77,None,660,756,46,0.1.5b,11500,11170,349,3
0,2017-01-27 15:30:00,431,None,65,None,404,458,46,0.1.5b,11500,11170,302,2
0,2017-01-27 16:00:00,221,None,60,None,208,233,46,0.1.5b,11500,11170,308,3
0,2017-01-27 16:30:00,91.9,None,65,None,80.7,103,46,0.1.5b,11500,11170,80,0
0,2017-01-28 08:00:00,4.98,None,170,None,1.38,8.58,46,0.1.5b,11500,11170,18,0
0,2017-01-28 08:30:00,109,None,100,None,93,124,46,0.1.5b,11500,11170,145,1
0,2017-01-28 09:00:00,317,None,140,None,275,360,46,0.1.5b,11500,11170,297,2
0,2017-01-28 09:30:00,663,None,120,None,591,735,46,0.1.5b,11500,11170,326,2
0,2017-01-28 10:00:00,1210,None,100,None,1100,1330,46,0.1.5b,11500,11170,339,2
0,2017-01-28 10:30:00,1790,None,89,None,1650,1940,46,0.1.5b,11500,11170,334,2
0,2017-01-28 11:00:00,2350,None,83,None,2180,2530,46,0.1.5b,11500,11170,352,2
0,2017-01-28 11:30:00,2750,None,76,None,2570,2940,46,0.1.5b,11500,11170,351,3
0,2017-01-28 12:00:00,2770,None,66,None,2610,2930,46,0.1.5b,11500,11170,350,2
0,2017-01-28 12:30:00,2660,None,66,None,2500,2810,46,0.1.5b,11500,11170,353,2
0,2017-01-28 13:00:00,2630,None,68,None,2470,2780,46,0.1.5b,11500,11170,357,2
0,2017-01-28 13:30:00,2420,None,68,None,2280,2560,46,0.1.5b,11500,11170,363,2
0,2017-01-28 14:00:00,2130,None,72,None,2000,2260,46,0.1.5b,11500,11170,360,3
0,2017-01-28 14:30:00,1890,None,82,None,1750,2030,46,0.1.5b,11500,11170,333,2
0,2017-01-28 15:00:00,1590,None,88,None,1470,1720,46,0.1.5b,11500,11170,357,3
0,2017-01-28 15:30:00,1230,None,90,None,1140,1330,46,0.1.5b,11500,11170,357,3
0,2017-01-28 16:00:00,798,None,110,None,723,873,46,0.1.5b,11500,11170,348,2
0,2017-01-28 16:30:00,412,None,100,None,371,452,46,0.1.5b,11500,11170,297,1
0,2017-01-28 17:00:00,45,None,93,None,0.542,89.6,46,0.1.5b,11500,11170,5,0
0,2017-01-29 08:00:00,13.6,None,150,None,5.24,22,46,0.1.5b,11500,11170,19,0
0,2017-01-29 08:30:00,244,None,120,None,214,275,46,0.1.5b,11500,11170,245,3
0,2017-01-29 09:00:00,636,None,120,None,567,704,46,0.1.5b,11500,11170,320,3
0,2017-01-29 09:30:00,1000,None,110,None,911,1100,46,0.1.5b,11500,11170,357,2
0,2017-01-29 10:00:00,1300,None,98,None,1190,1410,46,0.1.5b,11500,11170,358,2
0,2017-01-29 10:30:00,1490,None,100,None,1360,1620,46,0.1.5b,11500,11170,356,2
0,2017-01-29 11:00:00,1580,None,100,None,1440,1720,46,0.1.5b,11500,11170,353,3
0,2017-01-29 11:30:00,1660,None,97,None,1520,1800,46,0.1.5b,11500,11170,357,2
0,2017-01-29 12:00:00,1650,None,90,None,1510,1780,46,0.1.5b,11500,11170,342,3
0,2017-01-29 12:30:00,1590,None,91,None,1460,1710,46,0.1.5b,11500,11170,362,3
0,2017-01-29 13:00:00,1280,None,89,None,1180,1380,46,0.1.5b,11500,11170,340,3
0,2017-01-29 13:30:00,980,None,87,None,901,1060,46,0.1.5b,11500,11170,322,2
0,2017-01-29 14:00:00,841,None,100,None,763,920,46,0.1.5b,11500,11170,336,2
0,2017-01-29 14:30:00,651,None,110,None,583,719,46,0.1.5b,11500,11170,323,2
0,2017-01-29 15:00:00,486,None,130,None,429,543,46,0.1.5b,11500,11170,313,2
0,2017-01-29 15:30:00,306,None,120,None,271,341,46,0.1.5b,11500,11170,296,2
0,2017-01-29 16:00:00,161,None,120,None,140,182,46,0.1.5b,11500,11170,232,2
0,2017-01-29 16:30:00,49.8,None,120,None,14.5,85.2,46,0.1.5b,11500,11170,10,0
0,2017-01-30 08:00:00,0.795,None,170,None,0.212,1.38,46,0.1.5b,11500,11170,18,0
0,2017-01-30 08:30:00,57,None,88,None,50.6,63.4,46,0.1.5b,11500,11170,170,1
0,2017-01-30 09:00:00,184,None,89,None,169,199,46,0.1.5b,11500,11170,324,2
0,2017-01-30 09:30:00,350,None,95,None,319,380,46,0.1.5b,11500,11170,322,2
0,2017-01-30 10:00:00,525,None,88,None,483,568,46,0.1.5b,11500,11170,321,2
0,2017-01-30 10:30:00,710,None,95,None,648,771,46,0.1.5b,11500,11170,324,2
0,2017-01-30 11:00:00,932,None,100,None,847,1020,46,0.1.5b,11500,11170,346,2
0,2017-01-30 11:30:00,1020,None,91,None,934,1100,46,0.1.5b,11500,11170,330,2
0,2017-01-30 12:00:00,1030,None,83,None,953,1100,46,0.1.5b,11500,11170,350,2
0,2017-01-30 12:30:00,1010,None,87,None,925,1090,46,0.1.5b,11500,11170,308,2
0,2017-01-30 13:00:00,922,None,79,None,855,989,46,0.1.5b,11500,11170,322,1
0,2017-01-30 13:30:00,758,None,77,None,704,811,46,0.1.5b,11500,11170,321,1
0,2017-01-30 14:00:00,587,None,65,None,551,624,46,0.1.5b,11500,11170,303,1
0,2017-01-30 14:30:00,509,None,86,None,470,548,46,0.1.5b,11500,11170,348,2
0,2017-01-30 15:00:00,347,None,80,None,321,374,46,0.1.5b,11500,11170,299,1
0,2017-01-30 15:30:00,219,None,61,None,207,232,46,0.1.5b,11500,11170,303,1
0,2017-01-30 16:00:00,125,None,62,None,117,133,46,0.1.5b,11500,11170,278,1
0,2017-01-30 16:30:00,60.4,None,88,None,52.5,68.3,46,0.1.5b,11500,11170,124,0
0,2017-01-31 08:00:00,9.94,None,260,None,None,28.3,46,0.1.5b,11500,11170,8,0
0,2017-01-31 08:30:00,44.5,None,120,None,36.7,52.2,46,0.1.5b,11500,11170,125,1
0,2017-01-31 09:00:00,122,None,85,None,112,133,46,0.1.5b,11500,11170,265,1
0,2017-01-31 09:30:00,209,None,78,None,192,225,46,0.1.5b,11500,11170,270,1
0,2017-01-31 10:00:00,290,None,68,None,271,309,46,0.1.5b,11500,11170,297,1
0,2017-01-31 10:30:00,391,None,73,None,363,418,46,0.1.5b,11500,11170,294,1
0,2017-01-31 11:00:00,458,None,67,None,430,486,46,0.1.5b,11500,11170,317,2
0,2017-01-31 11:30:00,509,None,64,None,478,540,46,0.1.5b,11500,11170,310,2
0,2017-01-31 12:00:00,553,None,65,None,520,585,46,0.1.5b,11500,11170,335,2
0,2017-01-31 12:30:00,568,None,62,None,535,602,46,0.1.5b,11500,11170,301,1
0,2017-01-31 13:00:00,560,None,63,None,528,592,46,0.1.5b,11500,11170,332,2
0,2017-01-31 13:30:00,506,None,58,None,479,534,46,0.1.5b,11500,11170,319,1
0,2017-01-31 14:00:00,435,None,53,None,414,456,46,0.1.5b,11500,11170,323,2
0,2017-01-31 14:30:00,362,None,56,None,343,381,46,0.1.5b,11500,11170,314,1
0,2017-01-31 15:00:00,293,None,54,None,278,308,46,0.1.5b,11500,11170,295,2
0,2017-01-31 15:30:00,216,None,57,None,204,228,46,0.1.5b,11500,11170,285,2
0,2017-01-31 16:00:00,128,None,59,None,121,136,46,0.1.5b,11500,11170,291,2
0,2017-01-31 16:30:00,58.4,None,83,None,50.8,65.9,46,0.1.5b,11500,11170,114,0
0,2017-01-31 17:00:00,2.79,None,120,None,None,6.41,46,0.1.5b,11500,11170,5,0
0,2017-02-01 08:00:00,2.04,None,270,None,None,4.57,46,0.1.5b,11500,11170,16,0
0,2017-02-01 08:30:00,47.8,None,100,None,41.5,54.1,46,0.1.5b,11500,11170,173,1
0,2017-02-01 09:00:00,142,None,83,None,131,154,46,0.1.5b,11500,11170,287,1
0,2017-02-01 09:30:00,289,None,120,None,257,322,46,0.1.5b,11500,11170,287,1
0,2017-02-01 10:00:00,457,None,100,None,412,502,46,0.1.5b,11500,11170,299,2
0,2017-02-01 10:30:00,616,None,100,None,561,672,46,0.1.5b,11500,11170,343,2
0,2017-02-01 11:00:00,784,None,94,None,719,849,46,0.1.5b,11500,11170,353,2
0,2017-02-01 11:30:00,987,None,78,None,919,1060,46,0.1.5b,11500,11170,351,2
0,2017-02-01 12:00:00,1170,None,77,None,1090,1250,46,0.1.5b,11500,11170,352,2
0,2017-02-01 12:30:00,1290,None,77,None,1200,1380,46,0.1.5b,11500,11170,351,2
0,2017-02-01 13:00:00,1370,None,88,None,1260,1480,46,0.1.5b,11500,11170,346,2
0,2017-02-01 13:30:00,1380,None,86,None,1270,1490,46,0.1.5b,11500,11170,334,2
0,2017-02-01 14:00:00,1360,None,83,None,1260,1460,46,0.1.5b,11500,11170,348,2
0,2017-02-01 14:30:00,1250,None,81,None,1160,1340,46,0.1.5b,11500,11170,349,2
0,2017-02-01 15:00:00,1010,None,81,None,936,1080,46,0.1.5b,11500,11170,353,2
0,2017-02-01 15:30:00,715,None,86,None,661,770,46,0.1.5b,11500,11170,346,2
0,2017-02-01 16:00:00,430,None,79,None,399,462,46,0.1.5b,11500,11170,324,1
0,2017-02-01 16:30:00,224,None,79,None,205,242,46,0.1.5b,11500,11170,254,1
0,2017-02-01 17:00:00,33,None,110,None,None,70.1,46,0.1.5b,11500,11170,5,0
0,2017-02-02 08:00:00,15.4,None,190,None,2.3,28.5,46,0.1.5b,11500,11170,17,0
0,2017-02-02 08:30:00,138,None,87,None,125,152,46,0.1.5b,11500,11170,216,1
0,2017-02-02 09:00:00,299,None,110,None,268,330,46,0.1.5b,11500,11170,284,1
0,2017-02-02 09:30:00,477,None,110,None,425,529,46,0.1.5b,11500,11170,291,1
0,2017-02-02 10:00:00,632,None,120,None,562,702,46,0.1.5b,11500,11170,300,1
0,2017-02-02 10:30:00,840,None,120,None,747,933,46,0.1.5b,11500,11170,336,2
0,2017-02-02 11:00:00,920,None,130,None,812,1030,46,0.1.5b,11500,11170,320,2
0,2017-02-02 11:30:00,927,None,120,None,825,1030,46,0.1.5b,11500,11170,345,2
0,2017-02-02 12:00:00,902,None,110,None,812,992,46,0.1.5b,11500,11170,317,2
0,2017-02-02 12:30:00,918,None,100,None,836,1000,46,0.1.5b,11500,11170,345,2
0,2017-02-02 13:00:00,958,None,83,None,887,1030,46,0.1.5b,11500,11170,344,2
0,2017-02-02 13:30:00,1000,None,78,None,933,1070,46,0.1.5b,11500,11170,344,2
0,2017-02-02 14:00:00,938,None,80,None,871,1010,46,0.1.5b,11500,11170,346,2
0,2017-02-02 14:30:00,807,None,82,None,748,865,46,0.1.5b,11500,11170,348,2
0,2017-02-02 15:00:00,605,None,72,None,566,645,46,0.1.5b,11500,11170,333,2
0,2017-02-02 15:30:00,454,None,74,None,424,484,46,0.1.5b,11500,11170,342,2
0,2017-02-02 16:00:00,330,None,71,None,309,352,46,0.1.5b,11500,11170,339,1
0,2017-02-02 16:30:00,207,None,81,None,189,225,46,0.1.5b,11500,11170,244,1
0,2017-02-02 17:00:00,46.9,None,120,None,31.4,62.3,46,0.1.5b,11500,11170,36,0
0,2017-02-03 08:00:00,59.9,None,85,None,49.5,70.3,46,0.1.5b,11500,11170,68,0
0,2017-02-03 08:30:00,354,None,76,None,330,379,46,0.1.5b,11500,11170,323,1
0,2017-02-03 09:00:00,885,None,80,None,822,948,46,0.1.5b,11500,11170,342,2
0,2017-02-03 09:30:00,1420,None,78,None,1320,1520,46,0.1.5b,11500,11170,331,2
0,2017-02-03 10:00:00,1890,None,72,None,1770,2020,46,0.1.5b,11500,11170,345,2
0,2017-02-03 10:30:00,2180,None,73,None,2040,2320,46,0.1.5b,11500,11170,341,2
0,2017-02-03 11:00:00,2260,None,73,None,2110,2410,46,0.1.5b,11500,11170,349,2
0,2017-02-03 11:30:00,2310,None,76,None,2150,2470,46,0.1.5b,11500,11170,344,2
0,2017-02-03 12:00:00,2390,None,74,None,2240,2550,46,0.1.5b,11500,11170,349,2
0,2017-02-03 12:30:00,2410,None,75,None,2250,2560,46,0.1.5b,11500,11170,352,2
0,2017-02-03 13:00:00,2320,None,81,None,2150,2480,46,0.1.5b,11500,11170,351,2
0,2017-02-03 13:30:00,2110,None,87,None,1950,2280,46,0.1.5b,11500,11170,351,2
0,2017-02-03 14:00:00,1640,None,98,None,1500,1780,46,0.1.5b,11500,11170,355,2
0,2017-02-03 14:30:00,1200,None,110,None,1090,1320,46,0.1.5b,11500,11170,346,2
0,2017-02-03 15:00:00,885,None,120,None,791,979,46,0.1.5b,11500,11170,345,2
0,2017-02-03 15:30:00,570,None,130,None,503,638,46,0.1.5b,11500,11170,316,2
0,2017-02-03 16:00:00,289,None,110,None,259,319,46,0.1.5b,11500,11170,289,1
0,2017-02-03 16:30:00,136,None,150,None,111,161,46,0.1.5b,11500,11170,187,1
0,2017-02-03 17:00:00,40.1,None,210,None,None,99,46,0.1.5b,11500,11170,8,0
0,2017-02-04 08:00:00,23.1,None,260,None,9.57,36.6,46,0.1.5b,11500,11170,55,0
0,2017-02-04 08:30:00,207,None,77,None,192,222,46,0.1.5b,11500,11170,316,2
0,2017-02-04 09:00:00,551,None,100,None,500,602,46,0.1.5b,11500,11170,344,1
0,2017-02-04 09:30:00,1030,None,100,None,932,1120,46,0.1.5b,11500,11170,328,2
0,2017-02-04 10:00:00,1550,None,87,None,1430,1670,46,0.1.5b,11500,11170,338,2
0,2017-02-04 10:30:00,2190,None,77,None,2040,2350,46,0.1.5b,11500,11170,323,2
0,2017-02-04 11:00:00,2860,None,69,None,2680,3040,46,0.1.5b,11500,11170,323,2
0,2017-02-04 11:30:00,3500,None,60,None,3310,3680,46,0.1.5b,11500,11170,350,2
0,2017-02-04 12:00:00,3910,None,54,None,3720,4100,46,0.1.5b,11500,11170,352,2
0,2017-02-04 12:30:00,4010,None,53,None,3820,4200,46,0.1.5b,11500,11170,350,2
0,2017-02-04 13:00:00,4010,None,52,None,3810,4200,46,0.1.5b,11500,11170,324,2
0,2017-02-04 13:30:00,3900,None,53,None,3710,4090,46,0.1.5b,11500,11170,326,2
0,2017-02-04 14:00:00,3580,None,57,None,3400,3760,46,0.1.5b,11500,11170,353,2
0,2017-02-04 14:30:00,3180,None,59,None,3010,3340,46,0.1.5b,11500,11170,355,2
0,2017-02-04 15:00:00,2660,None,63,None,2520,2810,46,0.1.5b,11500,11170,359,2
0,2017-02-04 15:30:00,1990,None,71,None,1870,2110,46,0.1.5b,11500,11170,361,2
0,2017-02-04 16:00:00,1250,None,86,None,1150,1350,46,0.1.5b,11500,11170,336,2
0,2017-02-04 16:30:00,507,None,85,None,469,545,46,0.1.5b,11500,11170,353,2
0,2017-02-04 17:00:00,136,None,55,None,115,157,46,0.1.5b,11500,11170,37,0
0,2017-02-05 08:00:00,45.7,None,150,None,29.5,62,46,0.1.5b,11500,11170,49,0
0,2017-02-05 08:30:00,181,None,71,None,169,193,46,0.1.5b,11500,11170,321,1
0,2017-02-05 09:00:00,401,None,75,None,373,428,46,0.1.5b,11500,11170,321,2
0,2017-02-05 09:30:00,707,None,75,None,659,755,46,0.1.5b,11500,11170,333,2
0,2017-02-05 10:00:00,959,None,73,None,896,1020,46,0.1.5b,11500,11170,341,2
0,2017-02-05 10:30:00,1250,None,73,None,1170,1340,46,0.1.5b,11500,11170,349,2
0,2017-02-05 11:00:00,1610,None,76,None,1500,1720,46,0.1.5b,11500,11170,340,2
0,2017-02-05 11:30:00,1720,None,73,None,1610,1840,46,0.1.5b,11500,11170,341,2
0,2017-02-05 12:00:00,1790,None,67,None,1690,1900,46,0.1.5b,11500,11170,351,2
0,2017-02-05 12:30:00,1800,None,67,None,1690,1900,46,0.1.5b,11500,11170,341,2
0,2017-02-05 13:00:00,1770,None,63,None,1670,1870,46,0.1.5b,11500,11170,336,2
0,2017-02-05 13:30:00,1770,None,69,None,1660,1880,46,0.1.5b,11500,11170,341,2
0,2017-02-05 14:00:00,1650,None,70,None,1550,1750,46,0.1.5b,11500,11170,354,1
0,2017-02-05 14:30:00,1470,None,69,None,1380,1560,46,0.1.5b,11500,11170,356,2
0,2017-02-05 15:00:00,1220,None,73,None,1150,1300,46,0.1.5b,11500,11170,359,2
0,2017-02-05 15:30:00,937,None,76,None,872,1000,46,0.1.5b,11500,11170,328,2
0,2017-02-05 16:00:00,601,None,69,None,565,638,46,0.1.5b,11500,11170,350,2
0,2017-02-05 16:30:00,319,None,92,None,293,345,46,0.1.5b,11500,11170,345,1
0,2017-02-05 17:00:00,204,None,120,None,158,249,46,0.1.5b,11500,11170,76,0
0,2017-02-06 07:30:00,1.52,None,200,None,0.339,2.7,46,0.1.5b,11500,11170,21,0
0,2017-02-06 08:00:00,97,None,64,None,89.9,104,46,0.1.5b,11500,11170,208,1
0,2017-02-06 08:30:00,407,None,71,None,381,433,46,0.1.5b,11500,11170,339,2
0,2017-02-06 09:00:00,922,None,75,None,859,986,46,0.1.5b,11500,11170,324,2
0,2017-02-06 09:30:00,1390,None,66,None,1310,1480,46,0.1.5b,11500,11170,325,2
0,2017-02-06 10:00:00,1750,None,62,None,1660,1850,46,0.1.5b,11500,11170,334,2
0,2017-02-06 10:30:00,2020,None,56,None,1920,2120,46,0.1.5b,11500,11170,346,2
0,2017-02-06 11:00:00,2350,None,56,None,2230,2470,46,0.1.5b,11500,11170,346,2
0,2017-02-06 11:30:00,2690,None,59,None,2550,2830,46,0.1.5b,11500,11170,350,2
0,2017-02-06 12:00:00,2550,None,62,None,2410,2690,46,0.1.5b,11500,11170,348,2
0,2017-02-06 12:30:00,2170,None,57,None,2060,2280,46,0.1.5b,11500,11170,342,2
0,2017-02-06 13:00:00,1920,None,66,None,1810,2030,46,0.1.5b,11500,11170,357,2
0,2017-02-06 13:30:00,1700,None,65,None,1600,1800,46,0.1.5b,11500,11170,350,2
0,2017-02-06 14:00:00,1290,None,59,None,1220,1350,46,0.1.5b,11500,11170,350,2
0,2017-02-06 14:30:00,933,None,58,None,884,982,46,0.1.5b,11500,11170,338,2
0,2017-02-06 15:00:00,659,None,54,None,627,691,46,0.1.5b,11500,11170,337,2
0,2017-02-06 15:30:00,430,None,44,None,412,447,46,0.1.5b,11500,11170,332,2
0,2017-02-06 16:00:00,248,None,44,None,238,258,46,0.1.5b,11500,11170,315,2
0,2017-02-06 16:30:00,117,None,48,None,111,122,46,0.1.5b,11500,11170,270,1
0,2017-02-06 17:00:00,10,None,160,None,3.19,16.9,46,0.1.5b,11500,11170,18,0
0,2017-02-07 08:00:00,41.3,None,120,None,30.4,52.2,46,0.1.5b,11500,11170,58,0
0,2017-02-07 08:30:00,309,None,130,None,273,346,46,0.1.5b,11500,11170,315,1
0,2017-02-07 09:00:00,820,None,120,None,729,912,46,0.1.5b,11500,11170,314,2
0,2017-02-07 09:30:00,1460,None,100,None,1320,1590,46,0.1.5b,11500,11170,327,2
0,2017-02-07 10:00:00,2170,None,88,None,1990,2350,46,0.1.5b,11500,11170,312,2
0,2017-02-07 10:30:00,2710,None,79,None,2510,2900,46,0.1.5b,11500,11170,325,2
0,2017-02-07 11:00:00,3250,None,70,None,3050,3460,46,0.1.5b,11500,11170,329,2
0,2017-02-07 11:30:00,3580,None,64,None,3370,3790,46,0.1.5b,11500,11170,323,2
0,2017-02-07 12:00:00,3660,None,62,None,3460,3870,46,0.1.5b,11500,11170,329,2
0,2017-02-07 12:30:00,3640,None,61,None,3440,3840,46,0.1.5b,11500,11170,339,2
0,2017-02-07 13:00:00,3550,None,61,None,3360,3740,46,0.1.5b,11500,11170,358,2
0,2017-02-07 13:30:00,3360,None,61,None,3180,3540,46,0.1.5b,11500,11170,357,2
0,2017-02-07 14:00:00,2950,None,66,None,2780,3130,46,0.1.5b,11500,11170,336,2
0,2017-02-07 14:30:00,2300,None,70,None,2150,2440,46,0.1.5b,11500,11170,349,2
0,2017-02-07 15:00:00,1910,None,71,None,1790,2030,46,0.1.5b,11500,11170,354,2
0,2017-02-07 15:30:00,1440,None,71,None,1340,1530,46,0.1.5b,11500,11170,330,2
0,2017-02-07 16:00:00,946,None,80,None,879,1010,46,0.1.5b,11500,11170,346,1
0,2017-02-07 16:30:00,548,None,92,None,502,594,46,0.1.5b,11500,11170,324,2
0,2017-02-07 17:00:00,198,None,86,None,177,218,46,0.1.5b,11500,11170,195,0
0,2017-02-08 08:00:00,42,None,120,None,29.3,54.7,46,0.1.5b,11500,11170,47,0
0,2017-02-08 08:30:00,196,None,140,None,168,224,46,0.1.5b,11500,11170,271,1
0,2017-02-08 09:00:00,423,None,150,None,365,481,46,0.1.5b,11500,11170,318,1
0,2017-02-08 09:30:00,629,None,140,None,551,707,46,0.1.5b,11500,11170,341,2
0,2017-02-08 10:00:00,872,None,140,None,766,978,46,0.1.5b,11500,11170,350,2
0,2017-02-08 10:30:00,1040,None,130,None,923,1170,46,0.1.5b,11500,11170,345,2
0,2017-02-08 11:00:00,1140,None,120,None,1020,1260,46,0.1.5b,11500,11170,334,2
0,2017-02-08 11:30:00,1150,None,110,None,1030,1260,46,0.1.5b,11500,11170,326,2
0,2017-02-08 12:00:00,1140,None,110,None,1030,1250,46,0.1.5b,11500,11170,345,2
0,2017-02-08 12:30:00,1090,None,100,None,991,1190,46,0.1.5b,11500,11170,352,2
0,2017-02-08 13:00:00,994,None,110,None,897,1090,46,0.1.5b,11500,11170,346,2
0,2017-02-08 13:30:00,973,None,120,None,872,1070,46,0.1.5b,11500,11170,351,2
0,2017-02-08 14:00:00,884,None,110,None,794,974,46,0.1.5b,11500,11170,342,2
0,2017-02-08 14:30:00,774,None,120,None,694,855,46,0.1.5b,11500,11170,335,2
0,2017-02-08 15:00:00,646,None,120,None,577,716,46,0.1.5b,11500,11170,340,1
0,2017-02-08 15:30:00,554,None,130,None,485,623,46,0.1.5b,11500,11170,318,2
0,2017-02-08 16:00:00,390,None,130,None,342,438,46,0.1.5b,11500,11170,325,1
0,2017-02-08 16:30:00,218,None,160,None,184,252,46,0.1.5b,11500,11170,270,1
0,2017-02-08 17:00:00,77.8,None,130,None,52.7,103,46,0.1.5b,11500,11170,50,0
0,2017-02-09 08:00:00,11,None,320,None,4.65,17.4,46,0.1.5b,11500,11170,86,0
0,2017-02-09 08:30:00,79.5,None,230,None,61.8,97.2,46,0.1.5b,11500,11170,292,1
0,2017-02-09 09:00:00,197,None,200,None,161,233,46,0.1.5b,11500,11170,335,2
0,2017-02-09 09:30:00,318,None,170,None,268,369,46,0.1.5b,11500,11170,328,1
0,2017-02-09 10:00:00,434,None,150,None,374,494,46,0.1.5b,11500,11170,325,1
0,2017-02-09 10:30:00,585,None,150,None,502,667,46,0.1.5b,11500,11170,312,2
0,2017-02-09 11:00:00,711,None,140,None,619,804,46,0.1.5b,11500,11170,321,1
0,2017-02-09 11:30:00,754,None,130,None,669,840,46,0.1.5b,11500,11170,339,1
0,2017-02-09 12:00:00,833,None,120,None,739,927,46,0.1.5b,11500,11170,298,1
0,2017-02-09 12:30:00,829,None,110,None,743,916,46,0.1.5b,11500,11170,321,1
0,2017-02-09 13:00:00,811,None,110,None,723,899,46,0.1.5b,11500,11170,301,1
0,2017-02-09 13:30:00,774,None,110,None,691,856,46,0.1.5b,11500,11170,306,1
0,2017-02-09 14:00:00,698,None,120,None,619,777,46,0.1.5b,11500,11170,299,1
0,2017-02-09 14:30:00,608,None,130,None,536,681,46,0.1.5b,11500,11170,305,1
0,2017-02-09 15:00:00,499,None,130,None,437,560,46,0.1.5b,11500,11170,319,1
0,2017-02-09 15:30:00,417,None,160,None,352,482,46,0.1.5b,11500,11170,303,1
0,2017-02-09 16:00:00,277,None,170,None,231,323,46,0.1.5b,11500,11170,298,1
0,2017-02-09 16:30:00,167,None,210,None,132,201,46,0.1.5b,11500,11170,277,1
0,2017-02-09 17:00:00,116,None,150,None,71.1,160,46,0.1.5b,11500,11170,43,0
0,2017-02-10 08:00:00,3.06,None,180,None,1.63,4.49,46,0.1.5b,11500,11170,44,0
0,2017-02-10 08:30:00,58.7,None,82,None,53.3,64,46,0.1.5b,11500,11170,228,1
0,2017-02-10 09:00:00,158,None,68,None,148,169,46,0.1.5b,11500,11170,295,1
0,2017-02-10 09:30:00,318,None,97,None,289,347,46,0.1.5b,11500,11170,308,1
0,2017-02-10 10:00:00,465,None,82,None,429,500,46,0.1.5b,11500,11170,309,1
0,2017-02-10 10:30:00,643,None,89,None,588,698,46,0.1.5b,11500,11170,298,1
0,2017-02-10 11:00:00,817,None,87,None,752,883,46,0.1.5b,11500,11170,316,2
0,2017-02-10 11:30:00,932,None,82,None,861,1000,46,0.1.5b,11500,11170,312,2
0,2017-02-10 12:00:00,1080,None,91,None,988,1170,46,0.1.5b,11500,11170,327,2
0,2017-02-10 12:30:00,1190,None,96,None,1090,1290,46,0.1.5b,11500,11170,344,2
0,2017-02-10 13:00:00,1230,None,96,None,1120,1340,46,0.1.5b,11500,11170,337,2
0,2017-02-10 13:30:00,1290,None,91,None,1180,1390,46,0.1.5b,11500,11170,341,2
0,2017-02-10 14:00:00,1220,None,92,None,1120,1320,46,0.1.5b,11500,11170,345,2
0,2017-02-10 14:30:00,1090,None,100,None,990,1190,46,0.1.5b,11500,11170,317,1
0,2017-02-10 15:00:00,1040,None,96,None,943,1130,46,0.1.5b,11500,11170,320,2
0,2017-02-10 15:30:00,832,None,97,None,759,904,46,0.1.5b,11500,11170,342,2
0,2017-02-10 16:00:00,537,None,100,None,488,586,46,0.1.5b,11500,11170,338,1
0,2017-02-10 16:30:00,311,None,99,None,281,341,46,0.1.5b,11500,11170,287,1
0,2017-02-10 17:00:00,145,None,98,None,127,163,46,0.1.5b,11500,11170,167,0
0,2017-02-10 17:30:00,34.2,None,160,None,None,91.4,46,0.1.5b,11500,11170,5,0
0,2017-02-11 08:00:00,6.51,None,210,None,2.35,10.7,46,0.1.5b,11500,11170,31,0
0,2017-02-11 08:30:00,59.7,None,110,None,50.8,68.7,46,0.1.5b,11500,11170,149,1
0,2017-02-11 09:00:00,126,None,96,None,114,139,46,0.1.5b,11500,11170,250,1
0,2017-02-11 09:30:00,204,None,91,None,187,221,46,0.1.5b,11500,11170,319,1
0,2017-02-11 10:00:00,279,None,71,None,260,298,46,0.1.5b,11500,11170,310,1
0,2017-02-11 10:30:00,358,None,68,None,336,380,46,0.1.5b,11500,11170,339,1
0,2017-02-11 11:00:00,439,None,67,None,412,466,46,0.1.5b,11500,11170,326,2
0,2017-02-11 11:30:00,500,None,64,None,471,529,46,0.1.5b,11500,11170,327,2
0,2017-02-11 12:00:00,537,None,60,None,508,567,46,0.1.5b,11500,11170,322,2
0,2017-02-11 12:30:00,559,None,62,None,527,591,46,0.1.5b,11500,11170,321,2
0,2017-02-11 13:00:00,563,None,69,None,527,598,46,0.1.5b,11500,11170,330,2
0,2017-02-11 13:30:00,555,None,73,None,519,592,46,0.1.5b,11500,11170,334,2
0,2017-02-11 14:00:00,520,None,85,None,480,561,46,0.1.5b,11500,11170,327,2
0,2017-02-11 14:30:00,459,None,100,None,417,501,46,0.1.5b,11500,11170,334,1
0,2017-02-11 15:00:00,389,None,97,None,355,424,46,0.1.5b,11500,11170,326,2
0,2017-02-11 15:30:00,313,None,110,None,282,343,46,0.1.5b,11500,11170,326,1
0,2017-02-11 16:00:00,201,None,75,None,187,215,46,0.1.5b,11500,11170,310,1
0,2017-02-11 16:30:00,122,None,86,None,111,133,46,0.1.5b,11500,11170,259,1
0,2017-02-11 17:00:00,57,None,92,None,44.5,69.5,46,0.1.5b,11500,11170,51,0
0,2017-02-12 08:00:00,15.9,None,190,None,9.16,22.7,46,0.1.5b,11500,11170,56,0
0,2017-02-12 08:30:00,68,None,93,None,60.9,75,46,0.1.5b,11500,11170,220,1
0,2017-02-12 09:00:00,159,None,100,None,143,175,46,0.1.5b,11500,11170,273,1
0,2017-02-12 09:30:00,239,None,110,None,214,264,46,0.1.5b,11500,11170,277,1
0,2017-02-12 10:00:00,304,None,88,None,278,329,46,0.1.5b,11500,11170,304,1
0,2017-02-12 10:30:00,386,None,98,None,350,422,46,0.1.5b,11500,11170,303,1
0,2017-02-12 11:00:00,479,None,120,None,424,534,46,0.1.5b,11500,11170,304,1
0,2017-02-12 11:30:00,621,None,140,None,543,699,46,0.1.5b,11500,11170,328,2
0,2017-02-12 12:00:00,694,None,130,None,610,778,46,0.1.5b,11500,11170,328,2
0,2017-02-12 12:30:00,703,None,140,None,616,791,46,0.1.5b,11500,11170,328,2
0,2017-02-12 13:00:00,644,None,130,None,566,721,46,0.1.5b,11500,11170,327,2
0,2017-02-12 13:30:00,613,None,130,None,542,685,46,0.1.5b,11500,11170,325,2
0,2017-02-12 14:00:00,555,None,110,None,499,612,46,0.1.5b,11500,11170,328,2
0,2017-02-12 14:30:00,489,None,120,None,432,546,46,0.1.5b,11500,11170,310,1
0,2017-02-12 15:00:00,398,None,100,None,359,436,46,0.1.5b,11500,11170,310,1
0,2017-02-12 15:30:00,328,None,97,None,297,358,46,0.1.5b,11500,11170,294,1
0,2017-02-12 16:00:00,238,None,91,None,217,259,46,0.1.5b,11500,11170,286,1
0,2017-02-12 16:30:00,153,None,84,None,138,168,46,0.1.5b,11500,11170,209,1
0,2017-02-12 17:00:00,78.3,None,75,None,64.2,92.3,46,0.1.5b,11500,11170,50,0
0,2017-02-13 07:30:00,8.61,None,140,None,4.28,12.9,46,0.1.5b,11500,11170,23,0
0,2017-02-13 08:00:00,177,None,71,None,164,190,46,0.1.5b,11500,11170,247,1
0,2017-02-13 08:30:00,519,None,80,None,480,557,46,0.1.5b,11500,11170,321,1
0,2017-02-13 09:00:00,1100,None,77,None,1020,1170,46,0.1.5b,11500,11170,306,2
0,2017-02-13 09:30:00,1850,None,70,None,1730,1970,46,0.1.5b,11500,11170,311,2
0,2017-02-13 10:00:00,2530,None,65,None,2390,2680,46,0.1.5b,11500,11170,341,2
0,2017-02-13 10:30:00,3180,None,61,None,3010,3350,46,0.1.5b,11500,11170,344,2
0,2017-02-13 11:00:00,3750,None,55,None,3570,3940,46,0.1.5b,11500,11170,335,2
0,2017-02-13 11:30:00,4200,None,52,None,4000,4400,46,0.1.5b,11500,11170,327,2
0,2017-02-13 12:00:00,4500,None,48,None,4300,4700,46,0.1.5b,11500,11170,324,2
0,2017-02-13 12:30:00,4690,None,46,None,4490,4880,46,0.1.5b,11500,11170,326,2
0,2017-02-13 13:00:00,4790,None,43,None,4600,4980,46,0.1.5b,11500,11170,327,2
0,2017-02-13 13:30:00,4750,None,42,None,4570,4930,46,0.1.5b,11500,11170,336,1
0,2017-02-13 14:00:00,4440,None,44,None,4270,4610,46,0.1.5b,11500,11170,347,1
0,2017-02-13 14:30:00,3990,None,47,None,3820,4150,46,0.1.5b,11500,11170,350,2
0,2017-02-13 15:00:00,3400,None,50,None,3240,3560,46,0.1.5b,11500,11170,316,2
0,2017-02-13 15:30:00,2550,None,58,None,2420,2680,46,0.1.5b,11500,11170,345,2
0,2017-02-13 16:00:00,1710,None,69,None,1610,1820,46,0.1.5b,11500,11170,343,2
0,2017-02-13 16:30:00,896,None,80,None,833,959,46,0.1.5b,11500,11170,350,2
0,2017-02-13 17:00:00,293,None,66,None,274,311,46,0.1.5b,11500,11170,299,1
0,2017-02-14 07:30:00,7.95,None,110,None,4.91,11,46,0.1.5b,11500,11170,26,0
0,2017-02-14 08:00:00,171,None,75,None,158,185,46,0.1.5b,11500,11170,248,1
0,2017-02-14 08:30:00,451,None,82,None,416,487,46,0.1.5b,11500,11170,302,2
0,2017-02-14 09:00:00,831,None,87,None,765,896,46,0.1.5b,11500,11170,334,2
0,2017-02-14 09:30:00,1230,None,86,None,1130,1320,46,0.1.5b,11500,11170,331,2
0,2017-02-14 10:00:00,1600,None,84,None,1480,1730,46,0.1.5b,11500,11170,331,2
0,2017-02-14 10:30:00,1900,None,79,None,1760,2040,46,0.1.5b,11500,11170,325,2
0,2017-02-14 11:00:00,2170,None,75,None,2010,2320,46,0.1.5b,11500,11170,307,2
0,2017-02-14 11:30:00,2600,None,73,None,2420,2780,46,0.1.5b,11500,11170,306,2
0,2017-02-14 12:00:00,2880,None,74,None,2690,3070,46,0.1.5b,11500,11170,341,2
0,2017-02-14 12:30:00,2840,None,76,None,2640,3030,46,0.1.5b,11500,11170,332,2
0,2017-02-14 13:00:00,2730,None,79,None,2530,2930,46,0.1.5b,11500,11170,331,2
0,2017-02-14 13:30:00,2540,None,82,None,2340,2730,46,0.1.5b,11500,11170,310,2
0,2017-02-14 14:00:00,2240,None,85,None,2060,2420,46,0.1.5b,11500,11170,304,1
0,2017-02-14 14:30:00,1870,None,88,None,1720,2010,46,0.1.5b,11500,11170,341,2
0,2017-02-14 15:00:00,1470,None,93,None,1350,1590,46,0.1.5b,11500,11170,348,2
0,2017-02-14 15:30:00,1060,None,96,None,967,1160,46,0.1.5b,11500,11170,308,1
0,2017-02-14 16:00:00,625,None,110,None,559,690,46,0.1.5b,11500,11170,302,2
0,2017-02-14 16:30:00,287,None,130,None,250,324,46,0.1.5b,11500,11170,279,2
0,2017-02-14 17:00:00,126,None,190,None,89,163,46,0.1.5b,11500,11170,110,1
0,2017-02-14 17:30:00,26.6,None,180,None,1.5,51.6,46,0.1.5b,11500,11170,13,0
0,2017-02-15 07:30:00,2.19,None,170,None,0.994,3.39,46,0.1.5b,11500,11170,28,0
0,2017-02-15 08:00:00,105,None,69,None,96.7,113,46,0.1.5b,11500,11170,216,1
0,2017-02-15 08:30:00,289,None,74,None,269,310,46,0.1.5b,11500,11170,305,2
0,2017-02-15 09:00:00,554,None,91,None,507,602,46,0.1.5b,11500,11170,309,2
0,2017-02-15 09:30:00,814,None,91,None,748,880,46,0.1.5b,11500,11170,345,2
0,2017-02-15 10:00:00,1080,None,89,None,994,1160,46,0.1.5b,11500,11170,346,2
0,2017-02-15 10:30:00,1320,None,83,None,1230,1420,46,0.1.5b,11500,11170,346,2
0,2017-02-15 11:00:00,1540,None,95,None,1410,1670,46,0.1.5b,11500,11170,341,2
0,2017-02-15 11:30:00,1610,None,98,None,1470,1760,46,0.1.5b,11500,11170,334,2
0,2017-02-15 12:00:00,1640,None,99,None,1490,1790,46,0.1.5b,11500,11170,335,2
0,2017-02-15 12:30:00,1560,None,110,None,1410,1710,46,0.1.5b,11500,11170,343,2
0,2017-02-15 13:00:00,1560,None,110,None,1410,1710,46,0.1.5b,11500,11170,342,2
0,2017-02-15 13:30:00,1450,None,120,None,1290,1600,46,0.1.5b,11500,11170,321,2
0,2017-02-15 14:00:00,1340,None,120,None,1200,1480,46,0.1.5b,11500,11170,338,2
0,2017-02-15 14:30:00,1220,None,120,None,1090,1350,46,0.1.5b,11500,11170,336,2
0,2017-02-15 15:00:00,1100,None,110,None,993,1210,46,0.1.5b,11500,11170,344,2
0,2017-02-15 15:30:00,907,None,110,None,822,992,46,0.1.5b,11500,11170,349,2
0,2017-02-15 16:00:00,674,None,120,None,597,751,46,0.1.5b,11500,11170,302,2
0,2017-02-15 16:30:00,492,None,120,None,434,549,46,0.1.5b,11500,11170,282,1
0,2017-02-15 17:00:00,270,None,91,None,242,299,46,0.1.5b,11500,11170,203,1
0,2017-02-15 17:30:00,129,None,61,None,88.1,170,46,0.1.5b,11500,11170,13,0
0,2017-02-16 07:30:00,8.88,None,140,None,5.88,11.9,46,0.1.5b,11500,11170,49,0
0,2017-02-16 08:00:00,224,None,83,None,207,241,46,0.1.5b,11500,11170,325,2
0,2017-02-16 08:30:00,686,None,96,None,625,746,46,0.1.5b,11500,11170,327,2
0,2017-02-16 09:00:00,1240,None,83,None,1150,1340,46,0.1.5b,11500,11170,330,2
0,2017-02-16 09:30:00,1710,None,71,None,1600,1820,46,0.1.5b,11500,11170,344,2
0,2017-02-16 10:00:00,2080,None,67,None,1960,2200,46,0.1.5b,11500,11170,340,2
