t,0
1440,28.0
1441,28.0
1442,28.0
1443,28.0
1444,28.0
1445,28.0
1446,28.0
1447,28.0
1448,28.0
1449,28.0
1450,28.0
1451,28.0
1452,28.0
1453,28.0
1454,28.0
1455,28.0
1456,28.0
1457,28.0
1458,28.0
1459,28.0
1460,28.0
1461,28.0
1462,28.0
1463,28.0
1464,28.0
1465,28.0
1466,28.0
1467,28.0
1468,28.0
1469,28.0
1470,28.0
1471,28.0
1472,28.0
1473,28.0
1474,28.0
1475,28.0
1476,28.0
1477,28.0
1478,28.0
1479,28.0
1480,28.0
1481,28.0
1482,28.0
1483,28.0
1484,28.0
1485,28.0
1486,28.0
1487,28.0
1488,28.0
1489,28.0
1490,24.5
1491,24.5
1492,24.5
1493,24.5
1494,24.5
1495,24.5
1496,24.5
1497,24.5
1498,24.5
1499,24.5
1500,24.5
1501,24.5
1502,24.5
1503,24.5
1504,24.5
1505,24.5
1506,24.5
1507,24.5
1508,24.5
1509,24.5
1510,21.0
1511,21.0
1512,21.0
1513,21.0
1514,21.0
1515,21.0
1516,21.0
1517,21.0
1518,21.0
1519,21.0
1520,21.0
1521,21.0
1522,21.0
1523,21.0
1524,21.0
1525,21.0
1526,21.0
1527,21.0
1528,21.0
1529,21.0
1530,21.0
1531,21.0
1532,21.0
1533,21.0
1534,21.0
1535,21.0
1536,21.0
1537,21.0
1538,21.0
1539,21.0
1540,21.0
1541,21.0
1542,21.0
1543,21.0
1544,21.0
1545,21.0
1546,21.0
1547,21.0
1548,21.0
1549,21.0
1550,21.0
1551,21.0
1552,21.0
1553,21.0
1554,21.0
1555,21.0
1556,21.0
1557,21.0
1558,21.0
1559,21.0
1560,21.0
1561,21.0
1562,21.0
1563,21.0
1564,21.0
1565,21.0
1566,21.0
1567,21.0
1568,21.0
1569,21.0
1570,21.0
1571,21.0
1572,21.0
1573,21.0
1574,21.0
1575,21.0
1576,21.0
1577,21.0
1578,21.0
1579,21.0
1580,21.0
1581,21.0
1582,21.0
1583,21.0
1584,21.0
1585,21.0
1586,21.0
1587,21.0
1588,21.0
1589,21.0
1590,21.0
1591,21.0
1592,21.0
1593,21.0
1594,21.0
1595,21.0
1596,21.0
1597,21.0
1598,21.0
1599,21.0
1600,21.0
1601,21.0
1602,21.0
1603,21.0
1604,21.0
1605,21.0
1606,21.0
1607,21.0
1608,21.0
1609,21.0
1610,21.0
1611,21.0
1612,21.0
1613,21.0
1614,21.0
1615,21.0
1616,21.0
1617,21.0
1618,21.0
1619,21.0
1620,21.0
1621,21.0
1622,21.0
1623,21.0
1624,21.0
1625,21.0
1626,21.0
1627,21.0
1628,21.0
1629,21.0
1630,21.0
1631,21.0
1632,17.5
1633,17.5
1634,17.5
1635,17.5
1636,17.5
1637,17.5
1638,17.5
1639,17.5
1640,17.5
1641,17.5
1642,17.5
1643,17.5
1644,17.5
1645,17.5
1646,17.5
1647,17.5
1648,17.5
1649,17.5
1650,17.5
1651,17.5
1652,17.5
1653,17.5
1654,17.5
1655,17.5
1656,17.5
1657,17.5
1658,17.5
1659,17.5
1660,17.5
1661,17.5
1662,17.5
1663,17.5
1664,17.5
1665,17.5
1666,17.5
1667,17.5
1668,17.5
1669,17.5
1670,17.5
1671,17.5
1672,17.5
1673,17.5
1674,17.5
1675,17.5
1676,17.5
1677,17.5
1678,17.5
1679,17.5
1680,17.5
1681,17.5
1682,17.5
1683,17.5
1684,17.5
1685,17.5
1686,17.5
1687,17.5
1688,17.5
1689,17.5
1690,17.5
1691,17.5
1692,17.5
1693,17.5
1694,17.5
1695,17.5
1696,17.5
1697,17.5
1698,17.5
1699,17.5
1700,17.5
1701,17.5
1702,17.5
1703,17.5
1704,17.5
1705,17.5
1706,17.5
1707,17.5
1708,17.5
1709,17.5
1710,17.5
1711,17.5
1712,17.5
1713,17.5
1714,17.5
1715,17.5
1716,17.5
1717,17.5
1718,17.5
1719,17.5
1720,17.5
1721,17.5
1722,17.5
1723,17.5
1724,17.5
1725,17.5
1726,17.5
1727,17.5
1728,17.5
1729,17.5
1730,17.5
1731,17.5
1732,17.5
1733,17.5
1734,17.5
1735,14.0
1736,14.0
1737,14.0
1738,14.0
1739,14.0
1740,14.0
1741,14.0
1742,14.0
1743,14.0
1744,14.0
1745,14.0
1746,14.0
1747,14.0
1748,14.0
1749,14.0
1750,14.0
1751,14.0
1752,14.0
1753,14.0
1754,14.0
1755,14.0
1756,14.0
1757,14.0
1758,14.0
1759,14.0
1760,14.0
1761,14.0
1762,14.0
1763,14.0
1764,14.0
1765,14.0
1766,14.0
1767,14.0
1768,14.0
1769,14.0
1770,14.0
1771,14.0
1772,14.0
1773,10.5
1774,10.5
1775,10.5
1776,10.5
1777,10.5
1778,10.5
1779,10.5
1780,10.5
1781,10.5
1782,10.5
1783,10.5
1784,10.5
1785,10.5
1786,10.5
1787,10.5
1788,10.5
1789,10.5
1790,10.5
1791,10.5
1792,10.5
1793,10.5
1794,10.5
1795,10.5
1796,10.5
1797,10.5
1798,10.5
1799,10.5
1800,10.5
1801,10.5
1802,10.5
1803,7.0
1804,7.0
1805,7.0
1806,7.0
1807,7.0
1808,7.0
1809,7.0
1810,7.0
1811,7.0
1812,7.0
1813,7.0
1814,7.0
1815,7.0
1816,7.0
1817,7.0
1818,7.0
1819,7.0
1820,7.0
1821,7.0
1822,7.0
1823,7.0
1824,7.0
1825,7.0
1826,7.0
1827,7.0
1828,7.0
1829,7.0
1830,10.5
1831,10.5
1832,10.5
1833,10.5
1834,10.5
1835,10.5
1836,10.5
1837,10.5
1838,10.5
1839,10.5
1840,10.5
1841,10.5
1842,10.5
1843,10.5
1844,10.5
1845,10.5
1846,10.5
1847,10.5
1848,10.5
1849,10.5
1850,10.5
1851,10.5
1852,10.5
1853,10.5
1854,10.5
1855,10.5
1856,10.5
1857,10.5
1858,10.5
1859,10.5
1860,10.5
1861,10.5
1862,10.5
1863,10.5
1864,10.5
1865,10.5
1866,10.5
1867,10.5
1868,10.5
1869,10.5
1870,10.5
1871,10.5
1872,10.5
1873,10.5
1874,10.5
1875,10.5
1876,10.5
1877,10.5
1878,10.5
1879,10.5
1880,10.5
1881,10.5
1882,10.5
1883,10.5
1884,10.5
1885,14.0
1886,14.0
1887,14.0
1888,14.0
1889,14.0
1890,14.0
1891,14.0
1892,14.0
1893,14.0
1894,14.0
1895,14.0
1896,14.0
1897,14.0
1898,14.0
1899,14.0
1900,14.0
1901,14.0
1902,14.0
1903,14.0
1904,14.0
1905,14.0
1906,14.0
1907,14.0
1908,14.0
1909,14.0
1910,14.0
1911,14.0
1912,14.0
1913,14.0
1914,14.0
1915,14.0
1916,14.0
1917,14.0
1918,14.0
1919,14.0
1920,17.5
1921,17.5
1922,17.5
1923,17.5
1924,17.5
1925,17.5
1926,17.5
1927,17.5
1928,17.5
1929,17.5
1930,17.5
1931,17.5
1932,17.5
1933,17.5
1934,17.5
1935,17.5
1936,17.5
1937,17.5
1938,17.5
1939,17.5
1940,17.5
1941,17.5
1942,17.5
1943,17.5
1944,17.5
1945,21.0
1946,21.0
1947,21.0
1948,21.0
1949,21.0
1950,21.0
1951,21.0
1952,21.0
1953,21.0
1954,21.0
1955,21.0
1956,21.0
1957,24.5
1958,24.5
1959,24.5
1960,24.5
1961,24.5
1962,24.5
1963,24.5
1964,24.5
1965,24.5
1966,24.5
1967,24.5
1968,24.5
1969,24.5
1970,24.5
1971,28.0
1972,28.0
1973,28.0
1974,28.0
1975,28.0
1976,28.0
1977,28.0
1978,28.0
1979,28.0
1980,28.0
1981,28.0
1982,28.0
1983,28.0
1984,28.0
1985,28.0
1986,28.0
1987,28.0
1988,28.0
1989,28.0
1990,28.0
1991,28.0
1992,28.0
1993,28.0
1994,28.0
1995,28.0
1996,28.0
1997,28.0
1998,28.0
1999,28.0
2000,28.0
2001,28.0
2002,28.0
2003,28.0
2004,28.0
2005,28.0
2006,28.0
2007,28.0
2008,28.0
2009,28.0
2010,28.0
2011,28.0
2012,28.0
2013,28.0
2014,28.0
2015,28.0
2016,28.0
2017,28.0
2018,28.0
2019,28.0
2020,28.0
2021,28.0
2022,28.0
2023,28.0
2024,28.0
2025,28.0
2026,28.0
2027,28.0
2028,28.0
2029,28.0
2030,28.0
2031,28.0
2032,28.0
2033,28.0
2034,28.0
2035,28.0
2036,28.0
2037,28.0
2038,28.0
2039,28.0
2040,28.0
2041,28.0
2042,28.0
2043,35.0
2044,35.0
2045,35.0
2046,35.0
2047,35.0
2048,35.0
2049,35.0
2050,35.0
2051,35.0
2052,35.0
2053,35.0
2054,35.0
2055,35.0
2056,35.0
2057,35.0
2058,35.0
2059,35.0
2060,35.0
2061,35.0
2062,35.0
2063,28.0
2064,28.0
2065,28.0
2066,28.0
2067,28.0
2068,28.0
2069,28.0
2070,28.0
2071,28.0
2072,28.0
2073,28.0
2074,28.0
2075,28.0
2076,28.0
2077,28.0
2078,28.0
2079,28.0
2080,28.0
2081,28.0
2082,28.0
2083,28.0
2084,28.0
2085,28.0
2086,28.0
2087,28.0
2088,28.0
2089,28.0
2090,28.0
2091,28.0
2092,28.0
2093,28.0
2094,28.0
2095,28.0
2096,28.0
2097,28.0
2098,28.0
2099,28.0
2100,28.0
2101,28.0
2102,28.0
2103,28.0
2104,28.0
2105,28.0
2106,28.0
2107,28.0
2108,28.0
2109,28.0
2110,28.0
2111,28.0
2112,28.0
2113,28.0
2114,28.0
2115,28.0
2116,28.0
2117,28.0
2118,28.0
2119,28.0
2120,28.0
2121,28.0
2122,28.0
2123,28.0
2124,28.0
2125,28.0
2126,28.0
2127,28.0
2128,24.5
2129,24.5
2130,24.5
2131,24.5
2132,24.5
2133,24.5
2134,21.0
2135,21.0
2136,21.0
2137,21.0
2138,21.0
2139,21.0
2140,21.0
2141,24.5
2142,24.5
2143,24.5
2144,24.5
2145,24.5
2146,24.5
2147,24.5
2148,24.5
2149,24.5
2150,24.5
2151,24.5
2152,24.5
2153,24.5
2154,24.5
2155,24.5
2156,24.5
2157,24.5
2158,24.5
2159,24.5
2160,24.5
2161,24.5
2162,24.5
2163,24.5
2164,24.5
2165,24.5
2166,24.5
2167,24.5
2168,24.5
2169,21.0
2170,21.0
2171,21.0
2172,21.0
2173,21.0
2174,21.0
2175,21.0
2176,21.0
2177,21.0
2178,21.0
2179,21.0
2180,21.0
2181,21.0
2182,21.0
2183,21.0
2184,21.0
2185,21.0
2186,24.5
2187,24.5
2188,24.5
2189,24.5
2190,24.5
2191,24.5
2192,24.5
2193,24.5
2194,24.5
2195,24.5
2196,24.5
2197,24.5
2198,24.5
2199,24.5
2200,24.5
2201,24.5
2202,24.5
2203,24.5
2204,24.5
2205,24.5
2206,24.5
2207,24.5
2208,24.5
2209,24.5
2210,24.5
2211,24.5
2212,24.5
2213,24.5
2214,24.5
2215,24.5
2216,24.5
2217,24.5
2218,24.5
2219,24.5
2220,24.5
2221,24.5
2222,24.5
2223,24.5
2224,24.5
2225,24.5
2226,24.5
2227,21.0
2228,21.0
2229,21.0
2230,21.0
2231,21.0
2232,21.0
2233,21.0
2234,21.0
2235,21.0
2236,21.0
2237,21.0
2238,21.0
2239,21.0
2240,21.0
2241,21.0
2242,21.0
2243,21.0
2244,21.0
2245,21.0
2246,21.0
2247,21.0
2248,21.0
2249,21.0
2250,21.0
2251,28.0
2252,28.0
2253,28.0
2254,28.0
2255,28.0
2256,28.0
2257,28.0
2258,28.0
2259,28.0
2260,28.0
2261,28.0
2262,28.0
2263,28.0
2264,28.0
2265,28.0
2266,28.0
2267,28.0
2268,28.0
2269,28.0
2270,28.0
2271,28.0
2272,28.0
2273,28.0
2274,28.0
2275,28.0
2276,28.0
2277,28.0
2278,28.0
2279,28.0
2280,28.0
2281,28.0
2282,28.0
2283,28.0
2284,28.0
2285,28.0
2286,28.0
2287,28.0
2288,28.0
2289,31.5
2290,31.5
2291,31.5
2292,24.5
2293,24.5
2294,24.5
2295,24.5
2296,24.5
2297,24.5
2298,24.5
2299,24.5
2300,24.5
2301,24.5
2302,24.5
2303,24.5
2304,24.5
2305,24.5
2306,24.5
2307,28.0
2308,28.0
2309,28.0
2310,28.0
2311,28.0
2312,28.0
2313,28.0
2314,28.0
2315,28.0
2316,28.0
2317,28.0
2318,28.0
2319,28.0
2320,31.5
2321,31.5
2322,31.5
2323,31.5
2324,31.5
2325,31.5
2326,31.5
2327,31.5
2328,31.5
2329,31.5
2330,31.5
2331,35.0
2332,35.0
2333,35.0
2334,35.0
2335,35.0
2336,35.0
2337,35.0
2338,35.0
2339,35.0
2340,35.0
2341,35.0
2342,49.0
2343,49.0
2344,49.0
2345,49.0
2346,49.0
2347,49.0
2348,49.0
2349,49.0
2350,49.0
2351,49.0
2352,52.5
2353,52.5
2354,56.0
2355,56.0
2356,56.0
2357,56.0
2358,56.0
2359,56.0
2360,56.0
2361,56.0
2362,56.0
2363,56.0
2364,56.0
2365,56.0
2366,56.0
2367,56.0
2368,56.0
2369,59.5
2370,59.5
2371,59.5
2372,56.0
2373,56.0
2374,56.0
2375,56.0
2376,56.0
2377,56.0
2378,56.0
2379,56.0
2380,56.0
2381,56.0
2382,56.0
2383,56.0
2384,56.0
2385,56.0
2386,56.0
2387,56.0
2388,59.5
2389,59.5
2390,59.5
2391,59.5
2392,59.5
2393,59.5
2394,59.5
2395,59.5
2396,59.5
2397,59.5
2398,59.5
2399,59.5
2400,59.5
2401,56.0
2402,56.0
2403,56.0
2404,56.0
2405,56.0
2406,56.0
2407,56.0
2408,56.0
2409,56.0
2410,52.5
2411,52.5
2412,49.0
2413,49.0
2414,49.0
2415,49.0
2416,49.0
2417,49.0
2418,49.0
2419,49.0
2420,49.0
2421,49.0
2422,49.0
2423,49.0
2424,49.0
2425,49.0
2426,35.0
2427,35.0
2428,35.0
2429,35.0
2430,35.0
2431,35.0
2432,35.0
2433,35.0
2434,35.0
2435,35.0
2436,35.0
2437,35.0
2438,38.5
2439,42.0
2440,42.0
2441,42.0
2442,42.0
2443,42.0
2444,42.0
2445,42.0
2446,42.0
2447,42.0
2448,42.0
2449,42.0
2450,42.0
2451,42.0
2452,42.0
2453,42.0
2454,42.0
2455,42.0
2456,42.0
2457,42.0
2458,42.0
2459,42.0
2460,42.0
2461,42.0
2462,38.5
2463,38.5
2464,38.5
2465,38.5
2466,38.5
2467,38.5
2468,38.5
2469,38.5
2470,38.5
2471,38.5
2472,38.5
2473,38.5
2474,42.0
2475,42.0
2476,45.5
2477,49.0
2478,49.0
2479,49.0
2480,49.0
2481,49.0
2482,49.0
2483,49.0
2484,52.5
2485,49.0
2486,49.0
2487,49.0
2488,49.0
2489,49.0
2490,49.0
2491,49.0
2492,49.0
2493,49.0
2494,49.0
2495,49.0
2496,49.0
2497,49.0
2498,52.5
2499,52.5
2500,52.5
2501,52.5
2502,52.5
2503,52.5
2504,52.5
2505,52.5
2506,52.5
2507,52.5
2508,52.5
2509,49.0
2510,49.0
2511,49.0
2512,49.0
2513,49.0
2514,49.0
2515,49.0
2516,49.0
2517,49.0
2518,49.0
2519,49.0
2520,49.0
2521,45.5
2522,45.5
2523,45.5
2524,45.5
2525,42.0
2526,42.0
2527,42.0
2528,42.0
2529,42.0
2530,42.0
2531,42.0
2532,42.0
2533,42.0
2534,42.0
2535,42.0
2536,42.0
2537,42.0
2538,42.0
2539,45.5
2540,45.5
2541,45.5
2542,42.0
2543,42.0
2544,42.0
2545,38.5
2546,38.5
2547,38.5
2548,38.5
2549,38.5
2550,38.5
2551,38.5
2552,38.5
2553,38.5
2554,38.5
2555,38.5
2556,38.5
2557,38.5
2558,38.5
2559,38.5
2560,38.5
2561,38.5
2562,38.5
2563,38.5
2564,38.5
2565,38.5
2566,38.5
2567,38.5
2568,38.5
2569,38.5
2570,38.5
2571,38.5
2572,38.5
2573,38.5
2574,38.5
2575,38.5
2576,38.5
2577,38.5
2578,38.5
2579,38.5
2580,38.5
2581,38.5
2582,38.5
2583,38.5
2584,38.5
2585,38.5
2586,38.5
2587,38.5
2588,38.5
2589,38.5
2590,38.5
2591,38.5
2592,38.5
2593,38.5
2594,38.5
2595,38.5
2596,38.5
2597,38.5
2598,38.5
2599,38.5
2600,38.5
2601,38.5
2602,38.5
2603,38.5
2604,38.5
2605,49.0
2606,49.0
2607,49.0
2608,49.0
2609,49.0
2610,49.0
2611,49.0
2612,49.0
2613,49.0
2614,52.5
2615,52.5
2616,52.5
2617,52.5
2618,52.5
2619,52.5
2620,52.5
2621,52.5
2622,52.5
2623,52.5
2624,52.5
2625,52.5
2626,52.5
2627,52.5
2628,52.5
2629,52.5
2630,52.5
2631,52.5
2632,52.5
2633,52.5
2634,52.5
2635,52.5
2636,52.5
2637,52.5
2638,52.5
2639,52.5
2640,52.5
2641,52.5
2642,52.5
2643,52.5
2644,52.5
2645,52.5
2646,52.5
2647,52.5
2648,52.5
2649,52.5
2650,52.5
2651,52.5
2652,52.5
2653,52.5
2654,52.5
2655,52.5
2656,52.5
2657,52.5
2658,52.5
2659,52.5
2660,52.5
2661,52.5
2662,52.5
2663,52.5
2664,52.5
2665,52.5
2666,52.5
2667,52.5
2668,52.5
2669,52.5
2670,52.5
2671,52.5
2672,52.5
2673,52.5
2674,52.5
2675,56.0
2676,56.0
2677,56.0
2678,56.0
2679,56.0
2680,56.0
2681,56.0
2682,56.0
2683,56.0
2684,56.0
2685,56.0
2686,56.0
2687,56.0
2688,56.0
2689,56.0
2690,56.0
2691,56.0
2692,56.0
2693,56.0
2694,56.0
2695,56.0
2696,49.0
2697,49.0
2698,49.0
2699,49.0
2700,49.0
2701,49.0
2702,49.0
2703,49.0
2704,49.0
2705,45.5
2706,45.5
2707,45.5
2708,45.5
2709,45.5
2710,45.5
2711,45.5
2712,45.5
2713,45.5
2714,45.5
2715,45.5
2716,45.5
2717,49.0
2718,49.0
2719,49.0
2720,49.0
2721,49.0
2722,49.0
2723,45.5
2724,45.5
2725,45.5
2726,45.5
2727,45.5
2728,45.5
2729,45.5
2730,45.5
2731,45.5
2732,45.5
2733,45.5
2734,45.5
2735,45.5
2736,45.5
2737,45.5
2738,45.5
2739,45.5
2740,45.5
2741,45.5
2742,45.5
2743,45.5
2744,45.5
2745,45.5
2746,45.5
2747,45.5
2748,42.0
2749,42.0
2750,42.0
2751,42.0
2752,42.0
2753,42.0
2754,42.0
2755,42.0
2756,42.0
2757,42.0
2758,42.0
2759,42.0
2760,42.0
2761,42.0
2762,42.0
2763,42.0
2764,42.0
2765,42.0
2766,42.0
2767,42.0
2768,42.0
2769,42.0
2770,42.0
2771,42.0
2772,42.0
2773,42.0
2774,42.0
2775,38.5
2776,38.5
2777,38.5
2778,38.5
2779,38.5
2780,38.5
2781,38.5
2782,38.5
2783,38.5
2784,38.5
2785,38.5
2786,38.5
2787,38.5
2788,38.5
2789,38.5
2790,38.5
2791,38.5
2792,38.5
2793,38.5
2794,38.5
2795,38.5
2796,38.5
2797,38.5
2798,38.5
2799,38.5
2800,38.5
2801,38.5
2802,38.5
2803,38.5
2804,38.5
2805,38.5
2806,38.5
2807,38.5
2808,38.5
2809,38.5
2810,35.0
2811,35.0
2812,35.0
2813,35.0
2814,35.0
2815,35.0
2816,35.0
2817,35.0
2818,35.0
2819,35.0
2820,31.5
2821,28.0
2822,28.0
2823,28.0
2824,28.0
2825,28.0
2826,28.0
2827,28.0
2828,28.0
2829,28.0
2830,28.0
2831,28.0
2832,28.0
2833,28.0
2834,28.0
2835,28.0
2836,28.0
2837,28.0
2838,28.0
2839,28.0
2840,28.0
2841,31.5
2842,31.5
2843,31.5
2844,31.5
2845,31.5
2846,31.5
2847,31.5
2848,31.5
2849,31.5
2850,31.5
2851,31.5
2852,31.5
2853,31.5
2854,31.5
2855,31.5
2856,31.5
2857,31.5
2858,31.5
2859,31.5
2860,31.5
2861,31.5
2862,31.5
2863,31.5
2864,31.5
2865,31.5
2866,31.5
2867,31.5
2868,31.5
2869,31.5
2870,28.0
2871,28.0
2872,28.0
2873,28.0
2874,28.0
2875,28.0
2876,28.0
2877,28.0
2878,28.0
2879,28.0
2880,28.0
2881,24.5
2882,24.5
2883,24.5
2884,24.5
2885,24.5
2886,24.5
2887,24.5
2888,24.5
2889,24.5
2890,24.5
2891,24.5
2892,24.5
2893,24.5
2894,24.5
2895,24.5
2896,24.5
2897,24.5
2898,24.5
2899,24.5
2900,24.5
2901,24.5
2902,24.5
2903,24.5
2904,24.5
2905,24.5
2906,24.5
2907,24.5
2908,24.5
2909,24.5
2910,24.5
2911,24.5
2912,24.5
2913,24.5
2914,24.5
2915,24.5
2916,24.5
2917,24.5
2918,24.5
2919,24.5
2920,24.5
2921,24.5
2922,24.5
2923,24.5
2924,24.5
2925,24.5
2926,24.5
2927,24.5
2928,24.5
2929,24.5
2930,24.5
2931,24.5
2932,24.5
2933,24.5
2934,24.5
2935,24.5
2936,24.5
2937,24.5
2938,24.5
2939,24.5
2940,24.5
2941,24.5
2942,24.5
2943,24.5
2944,24.5
2945,24.5
2946,24.5
2947,24.5
2948,24.5
2949,24.5
2950,24.5
2951,24.5
2952,24.5
2953,24.5
2954,24.5
2955,24.5
2956,24.5
2957,24.5
2958,24.5
2959,24.5
2960,24.5
2961,24.5
2962,24.5
2963,24.5
2964,21.0
2965,21.0
2966,21.0
2967,21.0
2968,21.0
2969,17.5
2970,17.5
2971,17.5
2972,17.5
2973,17.5
2974,17.5
2975,17.5
2976,17.5
2977,17.5
2978,17.5
2979,17.5
2980,17.5
2981,17.5
2982,17.5
2983,17.5
2984,17.5
2985,17.5
2986,17.5
2987,17.5
2988,17.5
2989,17.5
2990,17.5
2991,17.5
2992,17.5
2993,17.5
2994,17.5
2995,17.5
2996,17.5
2997,17.5
2998,17.5
2999,17.5
3000,17.5
3001,17.5
3002,17.5
3003,17.5
3004,17.5
3005,17.5
3006,17.5
3007,17.5
3008,17.5
3009,17.5
3010,17.5
3011,17.5
3012,17.5
3013,17.5
3014,17.5
3015,17.5
3016,17.5
3017,17.5
3018,17.5
3019,17.5
3020,17.5
3021,17.5
3022,17.5
3023,17.5
3024,17.5
3025,17.5
3026,17.5
3027,17.5
3028,17.5
3029,17.5
3030,17.5
3031,17.5
3032,17.5
3033,17.5
3034,17.5
3035,17.5
3036,17.5
3037,17.5
3038,17.5
3039,17.5
3040,17.5
3041,17.5
3042,17.5
3043,17.5
3044,17.5
3045,17.5
3046,17.5
3047,17.5
3048,17.5
3049,17.5
3050,17.5
3051,17.5
3052,17.5
3053,17.5
3054,17.5
3055,17.5
3056,17.5
3057,17.5
3058,17.5
3059,17.5
3060,17.5
3061,17.5
3062,17.5
3063,17.5
3064,17.5
3065,17.5
3066,17.5
3067,17.5
3068,17.5
3069,17.5
3070,17.5
3071,17.5
3072,17.5
3073,17.5
3074,17.5
3075,17.5
3076,17.5
3077,17.5
3078,17.5
3079,17.5
3080,17.5
3081,17.5
3082,17.5
3083,17.5
3084,17.5
3085,17.5
3086,17.5
3087,17.5
3088,17.5
3089,17.5
3090,17.5
3091,17.5
3092,17.5
3093,17.5
3094,17.5
3095,17.5
3096,17.5
3097,17.5
3098,17.5
3099,17.5
3100,17.5
3101,17.5
3102,17.5
3103,17.5
3104,17.5
3105,17.5
3106,17.5
3107,17.5
3108,17.5
3109,17.5
3110,17.5
3111,17.5
3112,17.5
3113,17.5
3114,17.5
3115,17.5
3116,17.5
3117,17.5
3118,17.5
3119,17.5
3120,17.5
3121,17.5
3122,17.5
3123,17.5
3124,17.5
3125,17.5
3126,17.5
3127,17.5
3128,17.5
3129,17.5
3130,17.5
3131,17.5
3132,17.5
3133,17.5
3134,17.5
3135,17.5
3136,17.5
3137,17.5
3138,17.5
3139,17.5
3140,17.5
3141,17.5
3142,17.5
3143,17.5
3144,17.5
3145,17.5
3146,17.5
3147,17.5
3148,17.5
3149,17.5
3150,17.5
3151,17.5
3152,17.5
3153,17.5
3154,17.5
3155,17.5
3156,17.5
3157,17.5
3158,17.5
3159,17.5
3160,17.5
3161,17.5
3162,17.5
3163,17.5
3164,17.5
3165,17.5
3166,17.5
3167,17.5
3168,17.5
3169,17.5
3170,17.5
3171,17.5
3172,17.5
3173,17.5
3174,17.5
3175,17.5
3176,17.5
3177,17.5
3178,17.5
3179,17.5
3180,17.5
3181,17.5
3182,17.5
3183,17.5
3184,17.5
3185,17.5
3186,17.5
3187,17.5
3188,17.5
3189,17.5
3190,17.5
3191,17.5
3192,17.5
3193,17.5
3194,17.5
3195,17.5
3196,17.5
3197,17.5
3198,17.5
3199,17.5
3200,17.5
3201,17.5
3202,17.5
3203,17.5
3204,17.5
3205,17.5
3206,17.5
3207,17.5
3208,17.5
3209,17.5
3210,17.5
3211,17.5
3212,17.5
3213,17.5
3214,17.5
3215,17.5
3216,17.5
3217,17.5
3218,17.5
3219,17.5
3220,17.5
3221,17.5
3222,7.0
3223,7.0
3224,7.0
3225,7.0
3226,7.0
3227,7.0
3228,7.0
3229,7.0
3230,7.0
3231,7.0
3232,7.0
3233,7.0
3234,7.0
3235,7.0
3236,7.0
3237,7.0
3238,7.0
3239,7.0
3240,7.0
3241,7.0
3242,7.0
3243,7.0
3244,7.0
3245,7.0
3246,7.0
3247,7.0
3248,7.0
3249,7.0
3250,7.0
3251,7.0
3252,7.0
3253,7.0
3254,7.0
3255,7.0
3256,7.0
3257,7.0
3258,7.0
3259,7.0
3260,7.0
3261,7.0
3262,7.0
3263,7.0
3264,7.0
3265,7.0
3266,7.0
3267,7.0
3268,7.0
3269,7.0
3270,7.0
3271,7.0
3272,7.0
3273,7.0
3274,7.0
3275,7.0
3276,7.0
3277,7.0
3278,7.0
3279,7.0
3280,7.0
3281,7.0
3282,7.0
3283,7.0
3284,7.0
3285,7.0
3286,7.0
3287,7.0
3288,3.5
3289,3.5
3290,3.5
3291,3.5
3292,3.5
3293,3.5
3294,3.5
3295,3.5
3296,3.5
3297,3.5
3298,3.5
3299,3.5
3300,3.5
3301,3.5
3302,3.5
3303,3.5
3304,3.5
3305,3.5
3306,3.5
3307,3.5
3308,3.5
3309,3.5
3310,3.5
3311,3.5
3312,3.5
3313,3.5
3314,7.0
3315,7.0
3316,7.0
3317,7.0
3318,7.0
3319,7.0
3320,7.0
3321,7.0
3322,7.0
3323,7.0
3324,7.0
3325,7.0
3326,7.0
3327,7.0
3328,7.0
3329,7.0
3330,7.0
3331,7.0
3332,7.0
3333,7.0
3334,7.0
3335,7.0
3336,7.0
3337,7.0
3338,7.0
3339,7.0
3340,7.0
3341,7.0
3342,7.0
3343,7.0
3344,7.0
3345,7.0
3346,7.0
3347,7.0
3348,7.0
3349,7.0
3350,7.0
3351,7.0
3352,7.0
3353,7.0
3354,7.0
3355,7.0
3356,7.0
3357,7.0
3358,7.0
3359,7.0
3360,7.0
3361,7.0
3362,7.0
3363,7.0
3364,7.0
3365,7.0
3366,10.5
3367,10.5
3368,10.5
3369,10.5
3370,10.5
3371,10.5
3372,10.5
3373,10.5
3374,10.5
3375,10.5
3376,10.5
3377,10.5
3378,10.5
3379,10.5
3380,10.5
3381,10.5
3382,10.5
3383,10.5
3384,10.5
3385,10.5
3386,10.5
3387,10.5
3388,10.5
3389,10.5
3390,10.5
3391,10.5
3392,10.5
3393,10.5
3394,10.5
3395,10.5
3396,10.5
3397,10.5
3398,10.5
3399,14.0
3400,14.0
3401,14.0
3402,14.0
3403,14.0
3404,14.0
3405,14.0
3406,14.0
3407,14.0
3408,14.0
3409,14.0
3410,14.0
3411,14.0
3412,14.0
3413,14.0
3414,14.0
3415,14.0
3416,14.0
3417,14.0
3418,14.0
3419,14.0
3420,14.0
3421,14.0
3422,14.0
3423,14.0
3424,14.0
3425,14.0
3426,14.0
3427,14.0
3428,14.0
3429,24.5
3430,24.5
3431,24.5
3432,24.5
3433,24.5
3434,14.0
3435,14.0
3436,14.0
3437,14.0
3438,14.0
3439,14.0
3440,14.0
3441,14.0
3442,14.0
3443,14.0
3444,14.0
3445,14.0
3446,14.0
3447,14.0
3448,14.0
3449,14.0
3450,14.0
3451,14.0
3452,14.0
3453,14.0
3454,14.0
3455,14.0
3456,14.0
3457,14.0
3458,14.0
3459,14.0
3460,14.0
3461,14.0
3462,14.0
3463,14.0
3464,14.0
3465,14.0
3466,14.0
3467,14.0
3468,14.0
3469,14.0
3470,14.0
3471,14.0
3472,14.0
3473,14.0
3474,14.0
3475,14.0
3476,14.0
3477,14.0
3478,14.0
3479,14.0
3480,14.0
3481,14.0
3482,14.0
3483,14.0
3484,14.0
3485,14.0
3486,14.0
3487,14.0
3488,14.0
3489,14.0
3490,14.0
3491,14.0
3492,14.0
3493,14.0
3494,14.0
3495,14.0
3496,14.0
3497,14.0
3498,14.0
3499,14.0
3500,14.0
3501,14.0
3502,14.0
3503,14.0
3504,14.0
3505,14.0
3506,14.0
3507,14.0
3508,14.0
3509,14.0
3510,14.0
3511,14.0
3512,14.0
3513,14.0
3514,14.0
3515,14.0
3516,14.0
3517,14.0
3518,14.0
3519,14.0
3520,14.0
3521,14.0
3522,14.0
3523,14.0
3524,14.0
3525,14.0
3526,14.0
3527,14.0
3528,14.0
3529,14.0
3530,14.0
3531,14.0
3532,14.0
3533,14.0
3534,14.0
3535,14.0
3536,14.0
3537,14.0
3538,14.0
3539,14.0
3540,14.0
3541,14.0
3542,14.0
3543,14.0
3544,14.0
3545,14.0
3546,14.0
3547,14.0
3548,14.0
3549,14.0
3550,14.0
3551,14.0
3552,14.0
3553,14.0
3554,14.0
3555,14.0
3556,14.0
3557,14.0
3558,14.0
3559,14.0
3560,14.0
3561,14.0
3562,14.0
3563,14.0
3564,14.0
3565,14.0
3566,14.0
3567,14.0
3568,14.0
3569,14.0
3570,14.0
3571,14.0
3572,14.0
3573,14.0
3574,14.0
3575,14.0
3576,14.0
3577,14.0
3578,14.0
3579,14.0
3580,14.0
3581,14.0
3582,14.0
3583,14.0
3584,14.0
3585,14.0
3586,14.0
3587,14.0
3588,14.0
3589,14.0
3590,14.0
3591,14.0
3592,14.0
3593,14.0
3594,14.0
3595,14.0
3596,14.0
3597,14.0
3598,14.0
3599,14.0
3600,14.0
3601,14.0
3602,14.0
3603,17.5
3604,17.5
3605,17.5
3606,17.5
3607,17.5
3608,17.5
3609,17.5
3610,17.5
3611,17.5
3612,17.5
3613,17.5
3614,17.5
3615,17.5
3616,17.5
3617,17.5
3618,17.5
3619,17.5
3620,17.5
3621,17.5
3622,17.5
3623,17.5
3624,17.5
3625,17.5
3626,17.5
3627,17.5
3628,17.5
3629,17.5
3630,17.5
3631,17.5
3632,17.5
3633,17.5
3634,17.5
3635,17.5
3636,17.5
3637,17.5
3638,17.5
3639,17.5
3640,17.5
3641,17.5
3642,17.5
3643,17.5
3644,17.5
3645,17.5
3646,17.5
3647,17.5
3648,17.5
3649,17.5
3650,17.5
3651,17.5
3652,21.0
3653,31.5
3654,31.5
3655,31.5
3656,31.5
3657,31.5
3658,31.5
3659,31.5
3660,38.5
3661,38.5
3662,38.5
3663,38.5
3664,38.5
3665,38.5
3666,38.5
3667,38.5
3668,38.5
3669,38.5
3670,38.5
3671,38.5
3672,38.5
3673,38.5
3674,38.5
3675,38.5
3676,38.5
3677,38.5
3678,38.5
3679,38.5
3680,38.5
3681,38.5
3682,38.5
3683,38.5
3684,38.5
3685,38.5
3686,38.5
3687,38.5
3688,38.5
3689,38.5
3690,38.5
3691,38.5
3692,38.5
3693,38.5
3694,38.5
3695,38.5
3696,38.5
3697,38.5
3698,38.5
3699,38.5
3700,38.5
3701,38.5
3702,38.5
3703,42.0
3704,42.0
3705,42.0
3706,42.0
3707,42.0
3708,42.0
3709,42.0
3710,42.0
3711,42.0
3712,42.0
3713,42.0
3714,28.0
3715,28.0
3716,28.0
3717,28.0
3718,28.0
3719,28.0
3720,28.0
3721,28.0
3722,28.0
3723,28.0
3724,28.0
3725,28.0
3726,28.0
3727,28.0
3728,24.5
3729,24.5
3730,24.5
3731,24.5
3732,24.5
3733,24.5
3734,24.5
3735,24.5
3736,24.5
3737,24.5
3738,24.5
3739,24.5
3740,24.5
3741,24.5
3742,24.5
3743,24.5
3744,24.5
3745,24.5
3746,24.5
3747,24.5
3748,24.5
3749,24.5
3750,24.5
3751,24.5
3752,24.5
3753,24.5
3754,24.5
3755,24.5
3756,24.5
3757,24.5
3758,24.5
3759,24.5
3760,28.0
3761,21.0
3762,21.0
3763,21.0
3764,21.0
3765,21.0
3766,28.0
3767,28.0
3768,28.0
3769,28.0
3770,28.0
3771,28.0
3772,28.0
3773,28.0
3774,28.0
3775,28.0
3776,28.0
3777,28.0
3778,28.0
3779,28.0
3780,28.0
3781,28.0
3782,28.0
3783,28.0
3784,28.0
3785,28.0
3786,28.0
3787,28.0
3788,24.5
3789,28.0
3790,28.0
3791,28.0
3792,28.0
3793,28.0
3794,28.0
3795,28.0
3796,28.0
3797,28.0
3798,28.0
3799,28.0
3800,28.0
3801,28.0
3802,28.0
3803,31.5
3804,31.5
3805,31.5
3806,31.5
3807,31.5
3808,31.5
3809,31.5
3810,31.5
3811,31.5
3812,31.5
3813,31.5
3814,31.5
3815,31.5
3816,31.5
3817,31.5
3818,31.5
3819,31.5
3820,31.5
3821,31.5
3822,31.5
3823,31.5
3824,31.5
3825,31.5
3826,31.5
3827,24.5
3828,24.5
3829,24.5
3830,24.5
3831,24.5
3832,24.5
3833,28.0
3834,28.0
3835,28.0
3836,28.0
3837,28.0
3838,28.0
3839,28.0
3840,28.0
3841,28.0
3842,28.0
3843,28.0
3844,28.0
3845,28.0
3846,28.0
3847,31.5
3848,31.5
3849,31.5
3850,31.5
3851,31.5
3852,31.5
3853,35.0
3854,35.0
3855,35.0
3856,35.0
3857,35.0
3858,35.0
3859,35.0
3860,35.0
3861,35.0
3862,35.0
3863,35.0
3864,31.5
3865,31.5
3866,31.5
3867,35.0
3868,35.0
3869,35.0
3870,35.0
3871,31.5
3872,31.5
3873,31.5
3874,31.5
3875,31.5
3876,31.5
3877,31.5
3878,31.5
3879,31.5
3880,31.5
3881,31.5
3882,31.5
3883,31.5
3884,31.5
3885,31.5
3886,31.5
3887,31.5
3888,31.5
3889,31.5
3890,31.5
3891,31.5
3892,31.5
3893,31.5
3894,28.0
3895,28.0
3896,28.0
3897,28.0
3898,31.5
3899,31.5
3900,31.5
3901,35.0
3902,35.0
3903,35.0
3904,31.5
3905,31.5
3906,31.5
3907,31.5
3908,31.5
3909,31.5
3910,31.5
3911,35.0
3912,35.0
3913,35.0
3914,35.0
3915,38.5
3916,38.5
3917,38.5
3918,42.0
3919,42.0
3920,42.0
3921,42.0
3922,42.0
3923,42.0
3924,42.0
3925,42.0
3926,42.0
3927,45.5
3928,45.5
3929,45.5
3930,45.5
3931,45.5
3932,45.5
3933,45.5
3934,45.5
3935,45.5
3936,45.5
3937,45.5
3938,45.5
3939,45.5
3940,49.0
3941,49.0
3942,49.0
3943,49.0
3944,52.5
3945,52.5
3946,52.5
3947,49.0
3948,52.5
3949,56.0
3950,56.0
3951,56.0
3952,56.0
3953,56.0
3954,56.0
3955,56.0
3956,56.0
3957,56.0
3958,56.0
3959,56.0
3960,56.0
3961,56.0
3962,56.0
3963,52.5
3964,52.5
3965,52.5
3966,52.5
3967,49.0
3968,52.5
3969,52.5
3970,52.5
3971,52.5
3972,49.0
3973,49.0
3974,49.0
3975,49.0
3976,49.0
3977,49.0
3978,49.0
3979,49.0
3980,49.0
3981,49.0
3982,49.0
3983,49.0
3984,52.5
3985,52.5
3986,52.5
3987,52.5
3988,52.5
3989,52.5
3990,52.5
3991,52.5
3992,52.5
3993,49.0
3994,49.0
3995,49.0
3996,49.0
3997,49.0
3998,49.0
3999,49.0
4000,49.0
4001,49.0
4002,49.0
4003,49.0
4004,49.0
4005,49.0
4006,49.0
4007,49.0
4008,49.0
4009,49.0
4010,49.0
4011,49.0
4012,49.0
4013,49.0
4014,49.0
4015,49.0
4016,49.0
4017,45.5
4018,45.5
4019,45.5
4020,45.5
4021,45.5
4022,45.5
4023,45.5
4024,45.5
4025,45.5
4026,45.5
4027,49.0
4028,49.0
4029,45.5
4030,45.5
4031,42.0
4032,42.0
4033,42.0
4034,42.0
4035,42.0
4036,42.0
4037,42.0
4038,42.0
4039,42.0
4040,42.0
4041,42.0
4042,42.0
4043,42.0
4044,38.5
4045,38.5
4046,38.5
4047,38.5
4048,38.5
4049,38.5
4050,38.5
4051,38.5
4052,35.0
4053,35.0
4054,35.0
4055,35.0
4056,38.5
4057,38.5
4058,38.5
4059,45.5
4060,45.5
4061,45.5
4062,45.5
4063,45.5
4064,45.5
4065,45.5
4066,45.5
4067,45.5
4068,45.5
4069,45.5
4070,45.5
4071,45.5
4072,45.5
4073,45.5
4074,45.5
4075,45.5
4076,45.5
4077,45.5
4078,45.5
4079,45.5
4080,45.5
4081,45.5
4082,45.5
4083,45.5
4084,45.5
4085,52.5
4086,52.5
4087,52.5
4088,52.5
4089,52.5
4090,52.5
4091,52.5
4092,52.5
4093,52.5
4094,52.5
4095,52.5
4096,52.5
4097,52.5
4098,52.5
4099,52.5
4100,52.5
4101,52.5
4102,52.5
4103,52.5
4104,52.5
4105,52.5
4106,56.0
4107,56.0
4108,56.0
4109,56.0
4110,56.0
4111,56.0
4112,56.0
4113,56.0
4114,56.0
4115,56.0
4116,56.0
4117,56.0
4118,56.0
4119,56.0
4120,56.0
4121,56.0
4122,56.0
4123,56.0
4124,56.0
4125,56.0
4126,56.0
4127,56.0
4128,56.0
4129,56.0
4130,56.0
4131,56.0
4132,56.0
4133,56.0
4134,56.0
4135,56.0
4136,56.0
4137,56.0
4138,56.0
4139,56.0
4140,56.0
4141,56.0
4142,56.0
4143,56.0
4144,56.0
4145,56.0
4146,56.0
4147,56.0
4148,56.0
4149,56.0
4150,56.0
4151,56.0
4152,56.0
4153,56.0
4154,49.0
4155,49.0
4156,49.0
4157,49.0
4158,49.0
4159,49.0
4160,45.5
4161,45.5
4162,45.5
4163,45.5
4164,45.5
4165,45.5
4166,45.5
4167,45.5
4168,45.5
4169,45.5
4170,45.5
4171,45.5
4172,45.5
4173,45.5
4174,45.5
4175,45.5
4176,45.5
4177,45.5
4178,45.5
4179,45.5
4180,45.5
4181,45.5
4182,45.5
4183,42.0
4184,42.0
4185,38.5
4186,38.5
4187,38.5
4188,38.5
4189,38.5
4190,38.5
4191,38.5
4192,38.5
4193,38.5
4194,38.5
4195,38.5
4196,38.5
4197,38.5
4198,38.5
4199,38.5
4200,38.5
4201,38.5
4202,35.0
4203,35.0
4204,35.0
4205,35.0
4206,35.0
4207,35.0
4208,35.0
4209,35.0
4210,35.0
4211,35.0
4212,35.0
4213,35.0
4214,35.0
4215,35.0
4216,35.0
4217,35.0
4218,35.0
4219,35.0
4220,35.0
4221,35.0
4222,35.0
4223,35.0
4224,35.0
4225,35.0
4226,35.0
4227,35.0
4228,35.0
4229,35.0
4230,35.0
4231,35.0
4232,31.5
4233,31.5
4234,31.5
4235,31.5
4236,31.5
4237,31.5
4238,31.5
4239,31.5
4240,28.0
4241,28.0
4242,28.0
4243,28.0
4244,28.0
4245,28.0
4246,28.0
4247,28.0
4248,28.0
4249,28.0
4250,28.0
4251,28.0
4252,28.0
4253,28.0
4254,28.0
4255,28.0
4256,28.0
4257,28.0
4258,28.0
4259,28.0
4260,28.0
4261,28.0
4262,28.0
4263,28.0
4264,31.5
4265,31.5
4266,31.5
4267,28.0
4268,28.0
4269,28.0
4270,24.5
4271,24.5
4272,24.5
4273,24.5
4274,24.5
4275,24.5
4276,24.5
4277,24.5
4278,24.5
4279,24.5
4280,24.5
4281,21.0
4282,21.0
4283,21.0
4284,21.0
4285,21.0
4286,21.0
4287,21.0
4288,21.0
4289,21.0
4290,21.0
4291,21.0
4292,21.0
4293,21.0
4294,21.0
4295,21.0
4296,21.0
4297,21.0
4298,21.0
4299,21.0
4300,21.0
4301,21.0
4302,21.0
4303,21.0
4304,21.0
4305,21.0
4306,21.0
4307,21.0
4308,21.0
4309,21.0
4310,21.0
4311,21.0
4312,21.0
4313,21.0
4314,21.0
4315,21.0
4316,21.0
4317,21.0
4318,21.0
4319,21.0
4320,21.0
4321,21.0
4322,21.0
4323,21.0
4324,21.0
4325,21.0
4326,21.0
4327,21.0
4328,21.0
4329,21.0
4330,21.0
4331,21.0
4332,17.5
4333,17.5
4334,17.5
4335,17.5
4336,17.5
4337,17.5
4338,17.5
4339,17.5
4340,17.5
4341,17.5
4342,17.5
4343,17.5
4344,17.5
4345,17.5
4346,17.5
4347,17.5
4348,17.5
4349,17.5
4350,17.5
4351,17.5
4352,17.5
4353,17.5
4354,17.5
4355,17.5
4356,17.5
4357,17.5
4358,17.5
4359,17.5
4360,17.5
4361,14.0
4362,14.0
4363,14.0
4364,14.0
4365,14.0
4366,14.0
4367,14.0
4368,14.0
4369,14.0
4370,14.0
4371,14.0
4372,14.0
4373,14.0
4374,14.0
4375,14.0
4376,14.0
4377,14.0
4378,14.0
4379,14.0
4380,14.0
4381,14.0
4382,14.0
4383,14.0
4384,14.0
4385,14.0
4386,14.0
4387,14.0
4388,14.0
4389,14.0
4390,14.0
4391,14.0
4392,14.0
4393,14.0
4394,14.0
4395,14.0
4396,14.0
4397,14.0
4398,14.0
4399,14.0
4400,14.0
4401,14.0
4402,14.0
4403,14.0
4404,14.0
4405,14.0
4406,14.0
4407,14.0
4408,14.0
4409,14.0
4410,14.0
4411,14.0
4412,14.0
4413,14.0
4414,14.0
4415,14.0
4416,10.5
4417,10.5
4418,10.5
4419,10.5
4420,10.5
4421,10.5
4422,10.5
4423,10.5
4424,10.5
4425,10.5
4426,10.5
4427,10.5
4428,10.5
4429,10.5
4430,10.5
4431,10.5
4432,10.5
4433,10.5
4434,10.5
4435,10.5
4436,10.5
4437,10.5
4438,10.5
4439,10.5
4440,10.5
4441,10.5
4442,10.5
4443,10.5
4444,10.5
4445,10.5
4446,10.5
4447,10.5
4448,10.5
4449,10.5
4450,7.0
4451,7.0
4452,7.0
4453,7.0
4454,7.0
4455,7.0
4456,7.0
4457,7.0
4458,7.0
4459,7.0
4460,7.0
4461,7.0
4462,7.0
4463,7.0
4464,7.0
4465,7.0
4466,7.0
4467,7.0
4468,7.0
4469,7.0
4470,7.0
4471,7.0
4472,7.0
4473,7.0
4474,7.0
4475,7.0
4476,7.0
4477,7.0
4478,7.0
4479,7.0
4480,7.0
4481,7.0
4482,7.0
4483,7.0
4484,7.0
4485,7.0
4486,7.0
4487,7.0
4488,7.0
4489,7.0
4490,7.0
4491,7.0
4492,7.0
4493,7.0
4494,7.0
4495,7.0
4496,7.0
4497,7.0
4498,7.0
4499,7.0
4500,7.0
4501,7.0
4502,7.0
4503,7.0
4504,7.0
4505,3.5
4506,3.5
4507,3.5
4508,3.5
4509,3.5
4510,3.5
4511,3.5
4512,3.5
4513,3.5
4514,3.5
4515,3.5
4516,3.5
4517,3.5
4518,3.5
4519,3.5
4520,3.5
4521,3.5
4522,3.5
4523,3.5
4524,3.5
4525,3.5
4526,3.5
4527,3.5
4528,3.5
4529,3.5
4530,3.5
4531,3.5
4532,3.5
4533,3.5
4534,3.5
4535,3.5
4536,3.5
4537,3.5
4538,3.5
4539,3.5
4540,3.5
4541,3.5
4542,3.5
4543,3.5
4544,3.5
4545,3.5
4546,3.5
4547,3.5
4548,3.5
4549,3.5
4550,3.5
4551,3.5
4552,3.5
4553,3.5
4554,3.5
4555,3.5
4556,3.5
4557,3.5
4558,3.5
4559,3.5
4560,3.5
4561,3.5
4562,3.5
4563,3.5
4564,3.5
4565,3.5
4566,3.5
4567,3.5
4568,3.5
4569,3.5
4570,3.5
4571,3.5
4572,3.5
4573,3.5
4574,3.5
4575,3.5
4576,3.5
4577,3.5
4578,3.5
4579,3.5
4580,3.5
4581,3.5
4582,3.5
4583,3.5
4584,3.5
4585,3.5
4586,3.5
4587,3.5
4588,3.5
4589,3.5
4590,3.5
4591,3.5
4592,3.5
4593,3.5
4594,3.5
4595,3.5
4596,3.5
4597,3.5
4598,3.5
4599,3.5
4600,3.5
4601,3.5
4602,3.5
4603,3.5
4604,3.5
4605,3.5
4606,3.5
4607,3.5
4608,3.5
4609,3.5
4610,3.5
4611,3.5
4612,3.5
4613,3.5
4614,3.5
4615,3.5
4616,3.5
4617,3.5
4618,3.5
4619,3.5
4620,3.5
4621,3.5
4622,3.5
4623,3.5
4624,3.5
4625,3.5
4626,3.5
4627,3.5
4628,3.5
4629,3.5
4630,3.5
4631,3.5
4632,3.5
4633,3.5
4634,3.5
4635,3.5
4636,3.5
4637,3.5
4638,3.5
4639,3.5
4640,3.5
4641,3.5
4642,3.5
4643,3.5
4644,3.5
4645,3.5
4646,3.5
4647,3.5
4648,3.5
4649,3.5
4650,3.5
4651,3.5
4652,3.5
4653,3.5
4654,3.5
4655,3.5
4656,3.5
4657,3.5
4658,3.5
4659,3.5
4660,3.5
4661,3.5
4662,3.5
4663,3.5
4664,3.5
4665,3.5
4666,3.5
4667,3.5
4668,3.5
4669,3.5
4670,3.5
4671,3.5
4672,3.5
4673,3.5
4674,3.5
4675,3.5
4676,3.5
4677,3.5
4678,3.5
4679,3.5
4680,3.5
4681,3.5
4682,3.5
4683,3.5
4684,3.5
4685,3.5
4686,3.5
4687,3.5
4688,3.5
4689,3.5
4690,3.5
4691,3.5
4692,3.5
4693,3.5
4694,3.5
4695,3.5
4696,3.5
4697,3.5
4698,3.5
4699,3.5
4700,3.5
4701,3.5
4702,3.5
4703,3.5
4704,3.5
4705,3.5
4706,3.5
4707,3.5
4708,3.5
4709,3.5
4710,3.5
4711,3.5
4712,3.5
4713,3.5
4714,3.5
4715,3.5
4716,3.5
4717,3.5
4718,3.5
4719,3.5
4720,3.5
4721,3.5
4722,3.5
4723,3.5
4724,3.5
4725,7.0
4726,7.0
4727,7.0
4728,7.0
4729,7.0
4730,7.0
4731,7.0
4732,7.0
4733,7.0
4734,7.0
4735,7.0
4736,7.0
4737,7.0
4738,7.0
4739,7.0
4740,7.0
4741,7.0
4742,7.0
4743,7.0
4744,7.0
4745,7.0
4746,7.0
4747,7.0
4748,7.0
4749,7.0
4750,7.0
4751,7.0
4752,7.0
4753,7.0
4754,7.0
4755,7.0
4756,7.0
4757,7.0
4758,7.0
4759,7.0
4760,7.0
4761,7.0
4762,7.0
4763,7.0
4764,7.0
4765,7.0
4766,7.0
4767,7.0
4768,7.0
4769,7.0
4770,7.0
4771,7.0
4772,7.0
4773,7.0
4774,7.0
4775,7.0
4776,7.0
4777,7.0
4778,7.0
4779,7.0
4780,7.0
4781,7.0
4782,7.0
4783,7.0
4784,14.0
4785,14.0
4786,14.0
4787,14.0
4788,14.0
4789,14.0
4790,14.0
4791,14.0
4792,14.0
4793,14.0
4794,14.0
4795,14.0
4796,14.0
4797,14.0
4798,14.0
4799,14.0
4800,14.0
4801,14.0
4802,14.0
4803,14.0
4804,14.0
4805,14.0
4806,14.0
4807,14.0
4808,14.0
4809,14.0
4810,14.0
4811,14.0
4812,14.0
4813,14.0
4814,14.0
4815,14.0
4816,14.0
4817,14.0
4818,14.0
4819,14.0
4820,14.0
4821,14.0
4822,14.0
4823,14.0
4824,14.0
4825,14.0
4826,14.0
4827,14.0
4828,14.0
4829,14.0
4830,14.0
4831,14.0
4832,14.0
4833,14.0
4834,14.0
4835,14.0
4836,14.0
4837,14.0
4838,14.0
4839,14.0
4840,14.0
4841,14.0
4842,14.0
4843,14.0
4844,14.0
4845,14.0
4846,14.0
4847,14.0
4848,14.0
4849,14.0
4850,14.0
4851,14.0
4852,14.0
4853,14.0
4854,14.0
4855,14.0
4856,14.0
4857,14.0
4858,14.0
4859,14.0
4860,14.0
4861,14.0
4862,14.0
4863,14.0
4864,14.0
4865,14.0
4866,14.0
4867,14.0
4868,14.0
4869,14.0
4870,14.0
4871,14.0
4872,14.0
4873,14.0
4874,14.0
4875,14.0
4876,14.0
4877,14.0
4878,14.0
4879,14.0
4880,14.0
4881,14.0
4882,14.0
4883,14.0
4884,14.0
4885,14.0
4886,14.0
4887,17.5
4888,17.5
4889,17.5
4890,17.5
4891,17.5
4892,17.5
4893,17.5
4894,17.5
4895,17.5
4896,17.5
4897,17.5
4898,17.5
4899,17.5
4900,17.5
4901,17.5
4902,17.5
4903,17.5
4904,17.5
4905,17.5
4906,17.5
4907,17.5
4908,17.5
4909,17.5
4910,17.5
4911,17.5
4912,17.5
4913,17.5
4914,17.5
4915,17.5
4916,17.5
4917,17.5
4918,17.5
4919,21.0
4920,21.0
4921,21.0
4922,21.0
4923,21.0
4924,21.0
4925,21.0
4926,21.0
4927,21.0
4928,21.0
4929,21.0
4930,21.0
4931,21.0
4932,21.0
4933,21.0
4934,21.0
4935,21.0
4936,21.0
4937,21.0
4938,21.0
4939,21.0
4940,21.0
4941,21.0
4942,21.0
4943,21.0
4944,21.0
4945,21.0
4946,21.0
4947,21.0
4948,21.0
4949,21.0
4950,21.0
4951,21.0
4952,21.0
4953,21.0
4954,21.0
4955,21.0
4956,21.0
4957,21.0
4958,21.0
4959,21.0
4960,21.0
4961,24.5
4962,24.5
4963,24.5
4964,24.5
4965,21.0
4966,21.0
4967,21.0
4968,21.0
4969,21.0
4970,21.0
4971,21.0
4972,21.0
4973,21.0
4974,21.0
4975,21.0
4976,21.0
4977,21.0
4978,21.0
4979,21.0
4980,21.0
4981,21.0
4982,21.0
4983,21.0
4984,21.0
4985,21.0
4986,21.0
4987,21.0
4988,21.0
4989,21.0
4990,21.0
4991,17.5
4992,17.5
4993,17.5
4994,17.5
4995,17.5
4996,17.5
4997,21.0
4998,21.0
4999,21.0
5000,21.0
5001,21.0
5002,21.0
5003,21.0
5004,21.0
5005,21.0
5006,21.0
5007,21.0
5008,21.0
5009,21.0
5010,21.0
5011,21.0
5012,21.0
5013,21.0
5014,21.0
5015,21.0
5016,21.0
5017,21.0
5018,21.0
5019,21.0
5020,21.0
5021,21.0
5022,21.0
5023,21.0
5024,21.0
5025,21.0
5026,21.0
5027,21.0
5028,21.0
5029,21.0
5030,21.0
5031,21.0
5032,21.0
5033,21.0
5034,21.0
5035,21.0
5036,21.0
5037,21.0
5038,21.0
5039,21.0
5040,21.0
5041,24.5
5042,24.5
5043,21.0
5044,21.0
5045,21.0
5046,21.0
5047,21.0
5048,21.0
5049,17.5
5050,17.5
5051,17.5
5052,17.5
5053,17.5
5054,17.5
5055,17.5
5056,17.5
5057,17.5
5058,17.5
5059,17.5
5060,17.5
5061,17.5
5062,17.5
5063,17.5
5064,17.5
5065,17.5
5066,17.5
5067,17.5
5068,17.5
5069,17.5
5070,17.5
5071,17.5
5072,17.5
5073,17.5
5074,17.5
5075,17.5
5076,17.5
5077,17.5
5078,17.5
5079,17.5
5080,17.5
5081,17.5
5082,17.5
5083,17.5
5084,17.5
5085,17.5
5086,17.5
5087,17.5
5088,17.5
5089,17.5
5090,17.5
5091,17.5
5092,17.5
5093,17.5
5094,17.5
5095,17.5
5096,17.5
5097,17.5
5098,17.5
5099,17.5
5100,17.5
5101,17.5
5102,17.5
5103,17.5
5104,17.5
5105,17.5
5106,17.5
5107,17.5
5108,17.5
5109,17.5
5110,17.5
5111,17.5
5112,21.0
5113,21.0
5114,21.0
5115,21.0
5116,21.0
5117,21.0
5118,21.0
5119,21.0
5120,21.0
5121,21.0
5122,21.0
5123,21.0
5124,21.0
5125,21.0
5126,21.0
5127,21.0
5128,24.5
5129,24.5
5130,24.5
5131,24.5
5132,24.5
5133,24.5
5134,24.5
5135,24.5
5136,24.5
5137,24.5
5138,24.5
5139,24.5
5140,24.5
5141,24.5
5142,24.5
5143,24.5
5144,24.5
5145,24.5
5146,24.5
5147,24.5
5148,24.5
5149,28.0
5150,28.0
5151,28.0
5152,35.0
5153,35.0
5154,35.0
5155,35.0
5156,35.0
5157,35.0
5158,35.0
5159,35.0
5160,35.0
5161,35.0
5162,35.0
5163,35.0
5164,35.0
5165,35.0
5166,35.0
5167,35.0
5168,35.0
5169,35.0
5170,35.0
5171,35.0
5172,35.0
5173,35.0
5174,35.0
5175,35.0
5176,35.0
5177,35.0
5178,35.0
5179,35.0
5180,35.0
5181,35.0
5182,35.0
5183,35.0
5184,35.0
5185,35.0
5186,35.0
5187,35.0
5188,35.0
5189,35.0
5190,35.0
5191,35.0
5192,35.0
5193,35.0
5194,35.0
5195,35.0
5196,35.0
5197,35.0
5198,35.0
5199,35.0
5200,35.0
5201,35.0
5202,35.0
5203,35.0
5204,35.0
5205,35.0
5206,35.0
5207,35.0
5208,35.0
5209,35.0
5210,28.0
5211,28.0
5212,28.0
5213,28.0
5214,28.0
5215,28.0
5216,28.0
5217,28.0
5218,28.0
5219,28.0
5220,28.0
5221,28.0
5222,28.0
5223,28.0
5224,28.0
5225,28.0
5226,28.0
5227,28.0
5228,28.0
5229,28.0
5230,28.0
5231,28.0
5232,28.0
5233,28.0
5234,28.0
5235,28.0
5236,28.0
5237,28.0
5238,28.0
5239,28.0
5240,28.0
5241,28.0
5242,28.0
5243,28.0
5244,28.0
5245,28.0
5246,31.5
5247,31.5
5248,31.5
5249,31.5
5250,31.5
5251,28.0
5252,28.0
5253,28.0
5254,28.0
5255,28.0
5256,24.5
5257,24.5
5258,24.5
5259,24.5
5260,24.5
5261,24.5
5262,24.5
5263,24.5
5264,24.5
5265,24.5
5266,24.5
5267,24.5
5268,24.5
5269,24.5
5270,24.5
5271,24.5
5272,24.5
5273,24.5
5274,24.5
5275,28.0
5276,28.0
5277,24.5
5278,24.5
5279,24.5
5280,24.5
5281,24.5
5282,24.5
5283,24.5
5284,24.5
5285,24.5
5286,24.5
5287,24.5
5288,24.5
5289,24.5
5290,24.5
5291,24.5
5292,24.5
5293,24.5
5294,24.5
5295,28.0
5296,28.0
5297,28.0
5298,28.0
5299,28.0
5300,28.0
5301,28.0
5302,28.0
5303,28.0
5304,28.0
5305,31.5
5306,31.5
5307,31.5
5308,31.5
5309,31.5
5310,31.5
5311,31.5
5312,31.5
5313,31.5
5314,31.5
5315,35.0
5316,35.0
5317,35.0
5318,35.0
5319,35.0
5320,35.0
5321,35.0
5322,35.0
5323,35.0
5324,35.0
5325,38.5
5326,38.5
5327,38.5
5328,38.5
5329,42.0
5330,42.0
5331,42.0
5332,42.0
5333,42.0
5334,42.0
5335,42.0
5336,42.0
5337,42.0
5338,42.0
5339,42.0
5340,45.5
5341,45.5
5342,45.5
5343,45.5
5344,45.5
5345,45.5
5346,45.5
5347,49.0
5348,49.0
5349,49.0
5350,49.0
5351,52.5
5352,52.5
5353,52.5
5354,56.0
5355,56.0
5356,56.0
5357,59.5
5358,59.5
5359,59.5
5360,59.5
5361,59.5
5362,63.0
5363,63.0
5364,63.0
5365,63.0
5366,66.5
5367,66.5
5368,66.5
5369,63.0
5370,63.0
5371,63.0
5372,63.0
5373,63.0
5374,66.5
5375,66.5
5376,66.5
5377,63.0
5378,63.0
5379,56.0
5380,56.0
5381,52.5
5382,52.5
5383,52.5
5384,52.5
5385,52.5
5386,52.5
5387,56.0
5388,56.0
5389,56.0
5390,52.5
5391,52.5
5392,52.5
5393,52.5
5394,52.5
5395,52.5
5396,52.5
5397,56.0
5398,56.0
5399,56.0
5400,56.0
5401,56.0
5402,56.0
5403,56.0
5404,56.0
5405,56.0
5406,56.0
5407,56.0
5408,56.0
5409,56.0
5410,56.0
5411,56.0
5412,56.0
5413,56.0
5414,56.0
5415,56.0
5416,56.0
5417,59.5
5418,59.5
5419,63.0
5420,63.0
5421,63.0
5422,63.0
5423,63.0
5424,63.0
5425,63.0
5426,63.0
5427,63.0
5428,63.0
5429,66.5
5430,66.5
5431,70.0
5432,70.0
5433,70.0
5434,70.0
5435,70.0
5436,70.0
5437,70.0
5438,70.0
5439,70.0
5440,70.0
5441,70.0
5442,70.0
5443,70.0
5444,70.0
5445,70.0
5446,70.0
5447,70.0
5448,70.0
5449,70.0
5450,70.0
5451,70.0
5452,70.0
5453,70.0
5454,70.0
5455,70.0
5456,70.0
5457,70.0
5458,70.0
5459,70.0
5460,70.0
5461,70.0
5462,70.0
5463,70.0
5464,70.0
5465,70.0
5466,70.0
5467,70.0
5468,70.0
5469,70.0
5470,70.0
5471,73.5
5472,73.5
5473,73.5
5474,77.0
5475,77.0
5476,77.0
5477,77.0
5478,77.0
5479,77.0
5480,77.0
5481,77.0
5482,77.0
5483,77.0
5484,77.0
5485,77.0
5486,77.0
5487,77.0
5488,77.0
5489,77.0
5490,77.0
5491,77.0
5492,77.0
5493,77.0
5494,77.0
5495,77.0
5496,77.0
5497,77.0
5498,77.0
5499,77.0
5500,77.0
5501,77.0
5502,77.0
5503,77.0
5504,77.0
5505,77.0
5506,77.0
5507,77.0
5508,77.0
5509,77.0
5510,77.0
5511,73.5
5512,73.5
5513,73.5
5514,70.0
5515,70.0
5516,70.0
5517,70.0
5518,70.0
5519,70.0
5520,70.0
5521,70.0
5522,66.5
5523,66.5
5524,66.5
5525,66.5
5526,66.5
5527,66.5
5528,66.5
5529,66.5
5530,66.5
5531,66.5
5532,66.5
5533,66.5
5534,66.5
5535,66.5
5536,63.0
5537,63.0
5538,63.0
5539,63.0
5540,63.0
5541,63.0
5542,63.0
5543,63.0
5544,63.0
5545,63.0
5546,63.0
5547,63.0
5548,63.0
5549,63.0
5550,63.0
5551,63.0
5552,63.0
5553,63.0
5554,63.0
5555,63.0
5556,63.0
5557,63.0
5558,63.0
5559,63.0
5560,63.0
5561,59.5
5562,59.5
5563,59.5
5564,59.5
5565,59.5
5566,59.5
5567,59.5
5568,59.5
5569,59.5
5570,59.5
5571,56.0
5572,56.0
5573,52.5
5574,52.5
5575,52.5
5576,56.0
5577,56.0
5578,56.0
5579,56.0
5580,56.0
5581,56.0
5582,56.0
5583,56.0
5584,56.0
5585,56.0
5586,56.0
5587,56.0
5588,56.0
5589,56.0
5590,56.0
5591,56.0
5592,56.0
5593,56.0
5594,56.0
5595,56.0
5596,56.0
5597,56.0
5598,52.5
5599,52.5
5600,52.5
5601,52.5
5602,52.5
5603,52.5
5604,52.5
5605,52.5
5606,52.5
5607,49.0
5608,49.0
5609,49.0
5610,49.0
5611,49.0
5612,49.0
5613,49.0
5614,49.0
5615,49.0
5616,49.0
5617,49.0
5618,49.0
5619,49.0
5620,49.0
5621,49.0
5622,49.0
5623,49.0
5624,49.0
5625,49.0
5626,49.0
5627,49.0
5628,49.0
5629,49.0
5630,49.0
5631,49.0
5632,49.0
5633,49.0
5634,49.0
5635,49.0
5636,49.0
5637,49.0
5638,49.0
5639,49.0
5640,49.0
5641,49.0
5642,49.0
5643,49.0
5644,49.0
5645,49.0
5646,49.0
5647,49.0
5648,49.0
5649,49.0
5650,45.5
5651,45.5
5652,45.5
5653,45.5
5654,45.5
5655,45.5
5656,45.5
5657,45.5
5658,45.5
5659,45.5
5660,45.5
5661,45.5
5662,45.5
5663,45.5
5664,45.5
5665,49.0
5666,49.0
5667,49.0
5668,49.0
5669,49.0
5670,49.0
5671,49.0
5672,45.5
5673,45.5
5674,45.5
5675,45.5
5676,45.5
5677,45.5
5678,45.5
5679,45.5
5680,45.5
5681,45.5
5682,45.5
5683,45.5
5684,45.5
5685,45.5
5686,45.5
5687,45.5
5688,45.5
5689,45.5
5690,45.5
5691,45.5
5692,45.5
5693,45.5
5694,45.5
5695,45.5
5696,45.5
5697,45.5
5698,45.5
5699,45.5
5700,45.5
5701,45.5
5702,45.5
5703,45.5
5704,45.5
5705,45.5
5706,45.5
5707,49.0
5708,49.0
5709,49.0
5710,49.0
5711,49.0
5712,49.0
5713,49.0
5714,49.0
5715,49.0
5716,49.0
5717,49.0
5718,49.0
5719,49.0
5720,49.0
5721,49.0
5722,49.0
5723,49.0
5724,49.0
5725,49.0
5726,49.0
5727,49.0
5728,49.0
5729,49.0
5730,45.5
5731,45.5
5732,45.5
5733,45.5
5734,45.5
5735,45.5
5736,45.5
5737,45.5
5738,45.5
5739,45.5
5740,45.5
5741,45.5
5742,45.5
5743,45.5
5744,45.5
5745,45.5
5746,45.5
5747,45.5
5748,45.5
5749,45.5
5750,42.0
5751,42.0
5752,42.0
5753,42.0
5754,42.0
5755,42.0
5756,42.0
5757,42.0
5758,42.0
5759,42.0
5760,42.0
5761,42.0
5762,42.0
5763,42.0
5764,42.0
5765,42.0
5766,42.0
5767,42.0
5768,42.0
5769,42.0
5770,42.0
5771,42.0
5772,42.0
5773,42.0
5774,42.0
5775,42.0
5776,42.0
5777,42.0
5778,42.0
5779,42.0
5780,42.0
5781,42.0
5782,42.0
5783,42.0
5784,42.0
5785,42.0
5786,42.0
5787,42.0
5788,38.5
5789,38.5
5790,38.5
5791,38.5
5792,38.5
5793,38.5
5794,38.5
5795,38.5
5796,38.5
5797,38.5
5798,38.5
5799,38.5
5800,38.5
5801,38.5
5802,38.5
5803,38.5
5804,38.5
5805,38.5
5806,38.5
5807,38.5
5808,38.5
5809,38.5
5810,38.5
5811,38.5
5812,38.5
5813,38.5
5814,38.5
5815,38.5
5816,38.5
5817,38.5
5818,38.5
5819,38.5
5820,38.5
5821,38.5
5822,38.5
5823,38.5
5824,38.5
5825,38.5
5826,38.5
5827,35.0
5828,35.0
5829,35.0
5830,35.0
5831,35.0
5832,35.0
5833,35.0
5834,35.0
5835,35.0
5836,35.0
5837,35.0
5838,35.0
5839,35.0
5840,35.0
5841,35.0
5842,35.0
5843,35.0
5844,35.0
5845,35.0
5846,35.0
5847,35.0
5848,35.0
5849,35.0
5850,31.5
5851,31.5
5852,31.5
5853,31.5
5854,31.5
5855,28.0
5856,28.0
5857,28.0
5858,28.0
5859,28.0
5860,28.0
5861,28.0
5862,28.0
5863,28.0
5864,28.0
5865,28.0
5866,28.0
5867,28.0
5868,28.0
5869,28.0
5870,28.0
5871,28.0
5872,28.0
5873,28.0
5874,28.0
5875,28.0
5876,28.0
5877,28.0
5878,28.0
5879,28.0
5880,24.5
5881,24.5
5882,24.5
5883,24.5
5884,24.5
5885,24.5
5886,24.5
5887,24.5
5888,24.5
5889,24.5
5890,24.5
5891,24.5
5892,24.5
5893,24.5
5894,24.5
5895,24.5
5896,24.5
5897,24.5
5898,24.5
5899,24.5
5900,24.5
5901,24.5
5902,24.5
5903,24.5
5904,24.5
5905,24.5
5906,24.5
5907,24.5
5908,24.5
5909,24.5
5910,24.5
5911,24.5
5912,24.5
5913,24.5
5914,24.5
5915,24.5
5916,24.5
5917,24.5
5918,24.5
5919,24.5
5920,24.5
5921,24.5
5922,24.5
5923,24.5
5924,24.5
5925,24.5
5926,24.5
5927,24.5
5928,24.5
5929,24.5
5930,24.5
5931,24.5
5932,24.5
5933,24.5
5934,24.5
5935,24.5
5936,24.5
5937,24.5
5938,24.5
5939,24.5
5940,24.5
5941,24.5
5942,24.5
5943,24.5
5944,24.5
5945,24.5
5946,24.5
5947,24.5
5948,24.5
5949,24.5
5950,24.5
5951,24.5
5952,24.5
5953,24.5
5954,24.5
5955,24.5
5956,24.5
5957,24.5
5958,24.5
5959,24.5
5960,24.5
5961,24.5
5962,24.5
5963,24.5
5964,24.5
5965,24.5
5966,24.5
5967,24.5
5968,24.5
5969,24.5
5970,24.5
5971,24.5
5972,24.5
5973,24.5
5974,24.5
5975,24.5
5976,24.5
5977,24.5
5978,24.5
5979,24.5
5980,24.5
5981,24.5
5982,24.5
5983,24.5
5984,24.5
5985,24.5
5986,24.5
5987,24.5
5988,21.0
5989,21.0
5990,21.0
5991,21.0
5992,21.0
5993,21.0
5994,17.5
5995,17.5
5996,17.5
5997,17.5
5998,17.5
5999,17.5
6000,17.5
6001,17.5
6002,17.5
6003,17.5
6004,17.5
6005,17.5
6006,17.5
6007,17.5
6008,17.5
6009,17.5
6010,14.0
6011,14.0
6012,14.0
6013,14.0
6014,14.0
6015,14.0
6016,14.0
6017,14.0
6018,14.0
6019,14.0
6020,14.0
6021,14.0
6022,14.0
6023,14.0
6024,14.0
6025,14.0
6026,14.0
6027,14.0
6028,14.0
6029,14.0
6030,14.0
6031,14.0
6032,14.0
6033,14.0
6034,14.0
6035,14.0
6036,14.0
6037,14.0
6038,14.0
6039,14.0
6040,14.0
6041,14.0
6042,14.0
6043,14.0
6044,14.0
6045,14.0
6046,14.0
6047,14.0
6048,14.0
6049,14.0
6050,14.0
6051,14.0
6052,14.0
6053,14.0
6054,14.0
6055,14.0
6056,14.0
6057,14.0
6058,14.0
6059,14.0
6060,14.0
6061,14.0
6062,14.0
6063,14.0
6064,14.0
6065,14.0
6066,14.0
6067,14.0
6068,14.0
6069,14.0
6070,14.0
6071,14.0
6072,14.0
6073,14.0
6074,14.0
6075,14.0
6076,14.0
6077,14.0
6078,14.0
6079,14.0
6080,14.0
6081,14.0
6082,14.0
6083,14.0
6084,14.0
6085,14.0
6086,14.0
6087,14.0
6088,14.0
6089,14.0
6090,14.0
6091,14.0
6092,14.0
6093,14.0
6094,14.0
6095,14.0
6096,14.0
6097,14.0
6098,14.0
6099,14.0
6100,14.0
6101,14.0
6102,14.0
6103,14.0
6104,14.0
6105,14.0
6106,14.0
6107,14.0
6108,14.0
6109,14.0
6110,14.0
6111,14.0
6112,14.0
6113,14.0
6114,14.0
6115,14.0
6116,14.0
6117,14.0
6118,14.0
6119,14.0
6120,10.5
6121,10.5
6122,10.5
6123,10.5
6124,10.5
6125,10.5
6126,10.5
6127,10.5
6128,10.5
6129,10.5
6130,10.5
6131,10.5
6132,10.5
6133,10.5
6134,10.5
6135,10.5
6136,10.5
6137,10.5
6138,10.5
6139,10.5
6140,10.5
6141,10.5
6142,10.5
6143,10.5
6144,10.5
6145,10.5
6146,10.5
6147,10.5
6148,10.5
6149,10.5
6150,10.5
6151,10.5
6152,10.5
6153,10.5
6154,10.5
6155,10.5
6156,10.5
6157,10.5
6158,10.5
6159,10.5
6160,10.5
6161,10.5
6162,10.5
6163,10.5
6164,10.5
6165,10.5
6166,10.5
6167,10.5
6168,10.5
6169,10.5
6170,10.5
6171,10.5
6172,10.5
6173,10.5
6174,10.5
6175,10.5
6176,10.5
6177,10.5
6178,10.5
6179,10.5
6180,10.5
6181,10.5
6182,10.5
6183,10.5
6184,10.5
6185,10.5
6186,10.5
6187,10.5
6188,10.5
6189,10.5
6190,10.5
6191,10.5
6192,10.5
6193,10.5
6194,10.5
6195,10.5
6196,10.5
6197,10.5
6198,10.5
6199,10.5
6200,10.5
6201,10.5
6202,10.5
6203,10.5
6204,10.5
6205,10.5
6206,10.5
6207,10.5
6208,10.5
6209,10.5
6210,10.5
6211,10.5
6212,10.5
6213,14.0
6214,14.0
6215,14.0
6216,14.0
6217,14.0
6218,14.0
6219,14.0
6220,14.0
6221,14.0
6222,14.0
6223,14.0
6224,17.5
6225,17.5
6226,17.5
6227,17.5
6228,17.5
6229,17.5
6230,17.5
6231,17.5
6232,17.5
6233,17.5
6234,17.5
6235,17.5
6236,17.5
6237,17.5
6238,17.5
6239,17.5
6240,17.5
6241,17.5
6242,17.5
6243,17.5
6244,17.5
6245,17.5
6246,17.5
6247,17.5
6248,17.5
6249,17.5
6250,17.5
6251,17.5
6252,21.0
6253,21.0
6254,21.0
6255,24.5
6256,24.5
6257,24.5
6258,24.5
6259,24.5
6260,28.0
6261,28.0
6262,28.0
6263,28.0
6264,28.0
6265,28.0
6266,28.0
6267,28.0
6268,28.0
6269,28.0
6270,28.0
6271,31.5
6272,31.5
6273,31.5
6274,31.5
6275,31.5
6276,31.5
6277,31.5
6278,31.5
6279,31.5
6280,31.5
6281,31.5
6282,31.5
6283,31.5
6284,31.5
6285,31.5
6286,31.5
6287,31.5
6288,31.5
6289,31.5
6290,31.5
6291,35.0
6292,35.0
6293,35.0
6294,35.0
6295,35.0
6296,35.0
6297,35.0
6298,35.0
6299,35.0
6300,35.0
6301,35.0
6302,35.0
6303,35.0
6304,35.0
6305,35.0
6306,35.0
6307,35.0
6308,35.0
6309,35.0
6310,35.0
6311,35.0
6312,35.0
6313,35.0
6314,35.0
6315,38.5
6316,38.5
6317,38.5
6318,38.5
6319,38.5
6320,38.5
6321,38.5
6322,38.5
6323,38.5
6324,38.5
6325,38.5
6326,38.5
6327,35.0
6328,35.0
6329,35.0
6330,35.0
6331,35.0
6332,35.0
6333,35.0
6334,35.0
6335,35.0
6336,35.0
6337,35.0
6338,35.0
6339,35.0
6340,35.0
6341,35.0
6342,35.0
6343,35.0
6344,35.0
6345,35.0
6346,35.0
6347,35.0
6348,35.0
6349,35.0
6350,35.0
6351,35.0
6352,35.0
6353,35.0
6354,35.0
6355,35.0
6356,35.0
6357,35.0
6358,35.0
6359,35.0
6360,35.0
6361,35.0
6362,35.0
6363,35.0
6364,35.0
6365,35.0
6366,35.0
6367,35.0
6368,35.0
6369,35.0
6370,35.0
6371,35.0
6372,35.0
6373,35.0
6374,35.0
6375,35.0
6376,35.0
6377,35.0
6378,35.0
6379,35.0
6380,35.0
6381,35.0
6382,35.0
6383,35.0
6384,35.0
6385,42.0
6386,42.0
6387,42.0
6388,42.0
6389,42.0
6390,42.0
6391,42.0
6392,42.0
6393,42.0
6394,38.5
6395,38.5
6396,38.5
6397,38.5
6398,38.5
6399,38.5
6400,38.5
6401,38.5
6402,38.5
6403,38.5
6404,35.0
6405,35.0
6406,35.0
6407,35.0
6408,35.0
6409,35.0
6410,35.0
6411,35.0
6412,35.0
6413,35.0
6414,35.0
6415,35.0
6416,35.0
6417,35.0
6418,35.0
6419,35.0
6420,35.0
6421,35.0
6422,35.0
6423,35.0
6424,35.0
6425,35.0
6426,38.5
6427,38.5
6428,38.5
6429,38.5
6430,38.5
6431,35.0
6432,35.0
6433,35.0
6434,35.0
6435,35.0
6436,35.0
6437,35.0
6438,35.0
6439,35.0
6440,35.0
6441,35.0
6442,35.0
6443,35.0
6444,35.0
6445,35.0
6446,35.0
6447,35.0
6448,35.0
6449,35.0
6450,35.0
6451,35.0
6452,35.0
6453,35.0
6454,35.0
6455,35.0
6456,35.0
6457,35.0
6458,35.0
6459,31.5
6460,31.5
6461,31.5
6462,31.5
6463,31.5
6464,31.5
6465,31.5
6466,31.5
6467,31.5
6468,31.5
6469,31.5
6470,31.5
6471,31.5
6472,31.5
6473,31.5
6474,31.5
6475,31.5
6476,31.5
6477,31.5
6478,31.5
6479,31.5
6480,31.5
6481,31.5
6482,31.5
6483,31.5
6484,31.5
6485,31.5
6486,31.5
6487,31.5
6488,31.5
6489,31.5
6490,31.5
6491,31.5
6492,31.5
6493,31.5
6494,31.5
6495,31.5
6496,31.5
6497,31.5
6498,31.5
6499,31.5
6500,31.5
6501,31.5
6502,31.5
6503,31.5
6504,31.5
6505,31.5
6506,31.5
6507,31.5
6508,31.5
6509,28.0
6510,28.0
6511,28.0
6512,28.0
6513,28.0
6514,28.0
6515,28.0
6516,28.0
6517,28.0
6518,28.0
6519,28.0
6520,28.0
6521,28.0
6522,28.0
6523,28.0
6524,28.0
6525,28.0
6526,28.0
6527,28.0
6528,28.0
6529,28.0
6530,28.0
6531,28.0
6532,28.0
6533,28.0
6534,28.0
6535,28.0
6536,28.0
6537,28.0
6538,28.0
6539,28.0
6540,28.0
6541,28.0
6542,28.0
6543,28.0
6544,28.0
6545,28.0
6546,28.0
6547,28.0
6548,24.5
6549,24.5
6550,24.5
6551,24.5
6552,24.5
6553,24.5
6554,24.5
6555,24.5
6556,24.5
6557,24.5
6558,24.5
6559,24.5
6560,24.5
6561,24.5
6562,24.5
6563,24.5
6564,24.5
6565,24.5
6566,24.5
6567,24.5
6568,24.5
6569,24.5
6570,24.5
6571,24.5
6572,24.5
6573,24.5
6574,24.5
6575,24.5
6576,24.5
6577,24.5
6578,24.5
6579,24.5
6580,24.5
6581,24.5
6582,24.5
6583,24.5
6584,24.5
6585,24.5
6586,24.5
6587,24.5
6588,24.5
6589,24.5
6590,24.5
6591,24.5
6592,24.5
6593,24.5
6594,24.5
6595,24.5
6596,24.5
6597,24.5
6598,24.5
6599,24.5
6600,24.5
6601,24.5
6602,24.5
6603,24.5
6604,24.5
6605,24.5
6606,24.5
6607,24.5
6608,28.0
6609,28.0
6610,28.0
6611,28.0
6612,28.0
6613,28.0
6614,28.0
6615,28.0
6616,28.0
6617,28.0
6618,28.0
6619,28.0
6620,28.0
6621,28.0
6622,28.0
6623,28.0
6624,28.0
6625,28.0
6626,28.0
6627,28.0
6628,28.0
6629,28.0
6630,28.0
6631,28.0
6632,28.0
6633,28.0
6634,28.0
6635,28.0
6636,28.0
6637,28.0
6638,28.0
6639,28.0
6640,24.5
6641,24.5
6642,24.5
6643,24.5
6644,24.5
6645,24.5
6646,24.5
6647,24.5
6648,24.5
6649,24.5
6650,24.5
6651,24.5
6652,24.5
6653,24.5
6654,24.5
6655,21.0
6656,21.0
6657,21.0
6658,21.0
6659,21.0
6660,21.0
6661,21.0
6662,21.0
6663,21.0
6664,21.0
6665,21.0
6666,21.0
6667,21.0
6668,17.5
6669,17.5
6670,17.5
6671,17.5
6672,17.5
6673,17.5
6674,17.5
6675,17.5
6676,17.5
6677,17.5
6678,17.5
6679,17.5
6680,17.5
6681,17.5
6682,17.5
6683,17.5
6684,17.5
6685,17.5
6686,17.5
6687,17.5
6688,17.5
6689,17.5
6690,17.5
6691,17.5
6692,17.5
6693,17.5
6694,17.5
6695,17.5
6696,17.5
6697,17.5
6698,17.5
6699,17.5
6700,17.5
6701,17.5
6702,17.5
6703,17.5
6704,17.5
6705,17.5
6706,17.5
6707,17.5
6708,17.5
6709,17.5
6710,17.5
6711,17.5
6712,17.5
6713,17.5
6714,17.5
6715,17.5
6716,17.5
6717,17.5
6718,17.5
6719,17.5
6720,17.5
6721,17.5
6722,17.5
6723,17.5
6724,17.5
6725,17.5
6726,17.5
6727,17.5
6728,17.5
6729,17.5
6730,17.5
6731,17.5
6732,17.5
6733,17.5
6734,17.5
6735,17.5
6736,17.5
6737,17.5
6738,14.0
6739,14.0
6740,14.0
6741,14.0
6742,14.0
6743,14.0
6744,14.0
6745,14.0
6746,14.0
6747,14.0
6748,14.0
6749,14.0
6750,14.0
6751,14.0
6752,14.0
6753,14.0
6754,14.0
6755,14.0
6756,14.0
6757,14.0
6758,14.0
6759,14.0
6760,14.0
6761,14.0
6762,14.0
6763,14.0
6764,14.0
6765,17.5
6766,17.5
6767,17.5
6768,17.5
6769,17.5
6770,17.5
6771,17.5
6772,21.0
6773,21.0
6774,21.0
6775,21.0
6776,21.0
6777,21.0
6778,21.0
6779,21.0
6780,21.0
6781,21.0
6782,21.0
6783,21.0
6784,21.0
6785,21.0
6786,21.0
6787,21.0
6788,21.0
6789,21.0
6790,21.0
6791,21.0
6792,21.0
6793,21.0
6794,21.0
6795,21.0
6796,21.0
6797,21.0
6798,21.0
6799,21.0
6800,21.0
6801,21.0
6802,21.0
6803,21.0
6804,21.0
6805,21.0
6806,21.0
6807,21.0
6808,21.0
6809,21.0
6810,21.0
6811,21.0
6812,21.0
6813,21.0
6814,21.0
6815,21.0
6816,21.0
6817,21.0
6818,21.0
6819,21.0
6820,21.0
6821,21.0
6822,21.0
6823,21.0
6824,21.0
6825,21.0
6826,21.0
6827,21.0
6828,21.0
6829,21.0
6830,21.0
6831,21.0
6832,21.0
6833,21.0
6834,21.0
6835,21.0
6836,21.0
6837,21.0
6838,21.0
6839,21.0
6840,21.0
6841,21.0
6842,21.0
6843,21.0
6844,21.0
6845,21.0
6846,21.0
6847,21.0
6848,21.0
6849,21.0
6850,21.0
6851,21.0
6852,21.0
6853,21.0
6854,21.0
6855,21.0
6856,21.0
6857,21.0
6858,21.0
6859,21.0
6860,21.0
6861,21.0
6862,21.0
6863,21.0
6864,21.0
6865,21.0
6866,21.0
6867,21.0
6868,21.0
6869,21.0
6870,21.0
6871,21.0
6872,21.0
6873,21.0
6874,21.0
6875,21.0
6876,21.0
6877,21.0
6878,21.0
6879,21.0
6880,21.0
6881,21.0
6882,21.0
6883,21.0
6884,24.5
6885,24.5
6886,24.5
6887,24.5
6888,24.5
6889,24.5
6890,24.5
6891,21.0
6892,21.0
6893,21.0
6894,21.0
6895,21.0
6896,21.0
6897,21.0
6898,21.0
6899,21.0
6900,21.0
6901,21.0
6902,21.0
6903,21.0
6904,21.0
6905,24.5
6906,24.5
6907,28.0
6908,28.0
6909,28.0
6910,28.0
6911,28.0
6912,28.0
6913,28.0
6914,28.0
6915,28.0
6916,28.0
6917,28.0
6918,28.0
6919,28.0
6920,28.0
6921,28.0
6922,28.0
6923,28.0
6924,28.0
6925,28.0
6926,28.0
6927,28.0
6928,28.0
6929,28.0
6930,28.0
6931,28.0
6932,28.0
6933,28.0
6934,28.0
6935,28.0
6936,28.0
6937,28.0
6938,28.0
6939,28.0
6940,28.0
6941,28.0
6942,28.0
6943,28.0
6944,28.0
6945,28.0
6946,28.0
6947,28.0
6948,28.0
6949,28.0
6950,28.0
6951,28.0
6952,28.0
6953,28.0
6954,28.0
6955,28.0
6956,28.0
6957,28.0
6958,28.0
6959,28.0
6960,28.0
6961,28.0
6962,28.0
6963,28.0
6964,28.0
6965,28.0
6966,28.0
6967,28.0
6968,28.0
6969,28.0
6970,28.0
6971,28.0
6972,28.0
6973,28.0
6974,28.0
6975,28.0
6976,28.0
6977,28.0
6978,28.0
6979,28.0
6980,24.5
6981,24.5
6982,24.5
6983,24.5
6984,24.5
6985,24.5
6986,24.5
6987,24.5
6988,24.5
6989,24.5
6990,24.5
6991,24.5
6992,24.5
6993,24.5
6994,24.5
6995,24.5
6996,24.5
6997,24.5
6998,24.5
6999,24.5
7000,24.5
7001,24.5
7002,24.5
7003,24.5
7004,24.5
7005,24.5
7006,24.5
7007,24.5
7008,24.5
7009,24.5
7010,24.5
7011,24.5
7012,24.5
7013,24.5
7014,24.5
7015,24.5
7016,24.5
7017,24.5
7018,24.5
7019,24.5
7020,24.5
7021,24.5
7022,24.5
7023,24.5
7024,24.5
7025,24.5
7026,24.5
7027,24.5
7028,24.5
7029,24.5
7030,24.5
7031,24.5
7032,24.5
7033,24.5
7034,24.5
7035,24.5
7036,24.5
7037,24.5
7038,24.5
7039,24.5
7040,24.5
7041,24.5
7042,24.5
7043,24.5
7044,24.5
7045,24.5
7046,24.5
7047,24.5
7048,24.5
7049,24.5
7050,24.5
7051,24.5
7052,24.5
7053,24.5
7054,24.5
7055,24.5
7056,24.5
7057,24.5
7058,24.5
7059,24.5
7060,24.5
7061,24.5
7062,24.5
7063,24.5
7064,24.5
7065,24.5
7066,24.5
7067,24.5
7068,24.5
7069,24.5
7070,24.5
7071,24.5
7072,24.5
7073,24.5
7074,24.5
7075,24.5
7076,24.5
7077,24.5
7078,24.5
7079,24.5
7080,24.5
7081,24.5
7082,24.5
7083,21.0
7084,21.0
7085,21.0
7086,21.0
7087,21.0
7088,21.0
7089,21.0
7090,21.0
7091,21.0
7092,21.0
7093,21.0
7094,21.0
7095,21.0
7096,21.0
7097,21.0
7098,21.0
7099,21.0
7100,21.0
7101,21.0
7102,21.0
7103,21.0
7104,21.0
7105,21.0
7106,21.0
7107,21.0
7108,21.0
7109,21.0
7110,21.0
7111,21.0
7112,21.0
7113,21.0
7114,21.0
7115,21.0
7116,21.0
7117,21.0
7118,21.0
7119,21.0
7120,21.0
7121,21.0
7122,21.0
7123,21.0
7124,21.0
7125,21.0
7126,21.0
7127,21.0
7128,21.0
7129,21.0
7130,21.0
7131,21.0
7132,21.0
7133,21.0
7134,21.0
7135,21.0
7136,21.0
7137,21.0
7138,21.0
7139,21.0
7140,21.0
7141,21.0
7142,21.0
7143,21.0
7144,21.0
7145,21.0
7146,17.5
7147,17.5
7148,17.5
7149,17.5
7150,17.5
7151,17.5
7152,17.5
7153,17.5
7154,17.5
7155,17.5
7156,17.5
7157,17.5
7158,17.5
7159,17.5
7160,17.5
7161,17.5
7162,17.5
7163,17.5
7164,17.5
7165,17.5
7166,17.5
7167,17.5
7168,17.5
7169,17.5
7170,17.5
7171,17.5
7172,17.5
7173,17.5
7174,17.5
7175,17.5
7176,17.5
7177,17.5
7178,17.5
7179,17.5
7180,17.5
7181,17.5
7182,17.5
7183,17.5
7184,17.5
7185,17.5
7186,17.5
7187,17.5
7188,17.5
7189,17.5
7190,17.5
7191,17.5
7192,17.5
7193,17.5
7194,17.5
7195,17.5
7196,17.5
7197,17.5
7198,17.5
7199,17.5
