t,lf,lm,bl
0,0.0667590114615938,0.05500661275518939,0.055
1,0.06684144123423488,0.055006612846219154,0.055
2,0.06682406962621269,0.05500661172288425,0.055
3,0.06688926570719458,0.05500661179516108,0.055
4,0.06690939932825318,0.05500661062230526,0.055
5,0.06690939932825318,0.05500661062230526,0.055
6,0.06694003369538731,0.05500661090289353,0.055
7,0.06704722186498142,0.05500663641379786,0.055
8,0.06706866088730137,0.055006635420346936,0.055
9,0.06704793767155212,0.05500663518410922,0.055
10,0.06773282913000983,0.05500645244675743,0.055
11,0.06776659677011589,0.055006456765584806,0.055
12,0.06782135073681826,0.055006426418765526,0.055
13,0.06718036251110397,0.055006637818375524,0.055
14,0.06716633635661848,0.05500663842840267,0.055
15,0.06724999520678014,0.05500663150390072,0.055
16,0.06737355301653461,0.055006611325489396,0.055
17,0.06745981515160573,0.055006619984078436,0.055
18,0.06745148679273258,0.05500662169017836,0.055
19,0.06751443914424698,0.05500661940876568,0.055
20,0.0673515102501007,0.05500659023433567,0.055
21,0.067531201688955,0.05500659106221877,0.055
22,0.06755084858358373,0.055006591377806745,0.055
23,0.06751147508463302,0.055006592021784914,0.055
24,0.06752266326162648,0.05500659194164723,0.055
25,0.06757984398356748,0.05500659580927335,0.055
26,0.06762187818922935,0.0550065760257281,0.055
27,0.06764307293650426,0.055006602810379855,0.055
28,0.06764307293650426,0.055006602810379855,0.055
29,0.06766703805264099,0.05500660226333183,0.055
30,0.06776846481491579,0.055006535068449026,0.055
31,0.0678062662797286,0.055006535150571294,0.055
32,0.06780780809295626,0.05500650599989638,0.055
33,0.06783086480008127,0.05500653113431083,0.055
34,0.06780904112125305,0.05500652206194411,0.055
35,0.0678314778330529,0.055006593127242535,0.055
36,0.06841483770205,0.05500633642863519,0.055
37,0.068353084784452,0.05500636838997458,0.055
38,0.06833530958971037,0.055006379966093914,0.055
39,0.06781950669203263,0.05500662663397983,0.055
40,0.06771142973903854,0.05500662552889714,0.055
41,0.06778771884305448,0.05500663265850881,0.055
42,0.06779174460232848,0.05500663249356098,0.055
43,0.06835854943614676,0.05500632549134762,0.055
44,0.06842042122352789,0.05500630646715169,0.055
45,0.06843053968161264,0.05500630734759364,0.055
46,0.06790736009466755,0.05500661312022949,0.055
47,0.06793669852197996,0.05500660333472517,0.055
48,0.0679010432849637,0.055006642667717605,0.055
49,0.06797260267055796,0.05500665656623283,0.055
50,0.06795306254777417,0.05500657687019042,0.055
51,0.0679238539807592,0.05500657920269293,0.055
52,0.06794949845287922,0.055006574789499614,0.055
53,0.06802244436623965,0.05500657406921291,0.055
54,0.06811517943111894,0.055006641671880054,0.055
55,0.2502836614509546,0.23700222143802996,0.237
56,0.2502980638235775,0.23700222098669327,0.237
57,0.25027589543446344,0.23700221676838235,0.237
58,0.25025381798285523,0.23700221629412457,0.237
59,0.25026756961616653,0.23700221719418918,0.237
60,0.2501997926049455,0.23700222575534535,0.237
61,0.25013718310660366,0.23700222548839445,0.237
62,0.2501307107660639,0.23700222603478718,0.237
63,0.2501626600156822,0.23700222493706366,0.237
64,0.2501318373483254,0.23700222529350437,0.237
65,0.2501267645547088,0.23700221527625903,0.237
66,0.2500730096626973,0.23700221537026384,0.237
67,0.2500618064703233,0.23700222242211824,0.237
68,0.2500930230267741,0.23700116521777265,0.237
69,0.2500485439628203,0.23700121028971785,0.237
70,0.24989893533496535,0.23700121024301574,0.237
71,0.2499619575244559,0.23700121100746832,0.237
72,0.249844635207044,0.23700121913861916,0.237
73,0.24979329191936098,0.23700121858089235,0.237
74,0.2497019550159448,0.23700121883497535,0.237
75,0.24973345691003293,0.23700121910499433,0.237
76,0.24984188495203372,0.23700121660405193,0.237
77,0.06768611795447066,0.05500669304940731,0.055
78,0.06767944933400745,0.05500671391408585,0.055
79,0.06756031591414254,0.05500673332154513,0.055
80,0.06750554160756173,0.055006701781259895,0.055
81,0.06757756985091636,0.05500666374019584,0.055
82,0.06757756985091636,0.05500666374019584,0.055
83,0.06749365325201652,0.05500662277633028,0.055
84,0.06757951917455081,0.055006617905087096,0.055
85,0.0675866598048218,0.05500654799925944,0.055
86,0.06755117535469075,0.05500647407607748,0.055
87,0.06755117535469075,0.05500647407607748,0.055
88,0.06760220171787099,0.055006473784219585,0.055
89,0.06770005759266574,0.05500658376524404,0.055
90,0.06770005759266574,0.05500658376524404,0.055
91,0.06762670382109562,0.0550065859279862,0.055
92,0.06769150897772723,0.05500657112864518,0.055
93,0.06764659581079653,0.0550066149877692,0.055
94,0.06770795807356901,0.05500658554376679,0.055
95,0.06765938312057086,0.055006608579191645,0.055
96,0.0676520348558003,0.05500661154728377,0.055
97,0.06776535094179953,0.05500660545341472,0.055
98,0.06778895795885316,0.05500660858335053,0.055
99,0.06776628534791515,0.05500664565952102,0.055
100,0.06772497409133865,0.05500664850427601,0.055
101,0.06777872408194452,0.055006646355393526,0.055
102,0.06767913152940991,0.055006674207358545,0.055
103,0.06774192289499723,0.055006679842472206,0.055
104,0.06768706979183221,0.05500669173080585,0.055
105,0.06770606326639209,0.055006691598247205,0.055
106,0.06781458510068065,0.055006673853177396,0.055
107,0.06780719143803672,0.05500668997492979,0.055
108,0.0677833789950536,0.055006663226221435,0.055
109,0.06774411502837667,0.05500665764919717,0.055
110,0.06787172886370503,0.055006666028381196,0.055
111,0.0677815176596511,0.055006567408599334,0.055
112,0.0676959436775822,0.05500656745156606,0.055
113,0.06773000297720443,0.05500656422186829,0.055
114,0.06768928994527308,0.055006578587786535,0.055
115,0.06768992406895509,0.05500658394535611,0.055
116,0.06761156655099945,0.0550065866768649,0.055
117,0.06761801402915883,0.055006586634654624,0.055
118,0.06756618276893735,0.055006584166169895,0.055
119,0.06734504991409643,0.055006593128086145,0.055
120,0.06745515294972496,0.05500660369880286,0.055
121,0.0675882811643063,0.05500659942840214,0.055
122,0.06768548328191691,0.05500667531590251,0.055
123,0.0677044836290468,0.055006675322189814,0.055
124,0.06775099720509838,0.05500672047478369,0.055
125,0.06776970971285509,0.05500667184912372,0.055
126,0.06780503240698232,0.055006637505472356,0.055
127,0.06786626441193835,0.055006637549263306,0.055
128,0.06790435340762696,0.055006624194919036,0.055
129,0.06789139737459657,0.05500663200388959,0.055
130,0.06779947533858618,0.055006668582868255,0.055
131,0.0678623130755227,0.05500667025698889,0.055
132,0.06780688307538965,0.05500667243713267,0.055
133,0.06795365622467316,0.055006675354457,0.055
134,0.06795424980470496,0.05500667527341815,0.055
135,0.06801019632609921,0.055006673890978366,0.055
136,0.06798674716067865,0.055006637271835176,0.055
137,0.06804478637171188,0.055006617409559234,0.055
138,0.0680887447337727,0.05500661216528819,0.055
139,0.06812140109252207,0.05500658991456066,0.055
140,0.06810724338286181,0.05500651143959439,0.055
141,0.06810724338286181,0.05500651143959439,0.055
142,0.06797791342964482,0.0550065099998415,0.055
143,0.06782442226228887,0.055006525234041856,0.055
144,0.06779298250272409,0.05500652428237108,0.055
145,0.06783790898214348,0.05500652442508159,0.055
146,0.06773816231518714,0.055006506962878204,0.055
147,0.06776877607430055,0.055006526871266184,0.055
148,0.06773753522820952,0.05500652688182883,0.055
149,0.06778988705036294,0.05500660305224191,0.055
150,0.06773972962809886,0.05500660613620397,0.055
151,0.06770132263325551,0.05500660435387048,0.055
152,0.2497265462523445,0.23700221927267653,0.237
153,0.24967467986873587,0.23700221971351362,0.237
154,0.24971930954172541,0.23700222448833533,0.237
155,0.24969404364150957,0.23700222459056694,0.237
156,0.24969404364150957,0.23700222459056694,0.237
157,0.24958211702044344,0.23700222481520744,0.237
158,0.24959508475632847,0.23700222524094539,0.237
159,0.24966767537189577,0.2370022267117168,0.237
160,0.24979112551184401,0.23700222648802413,0.237
161,0.249871728863705,0.23700221865246415,0.237
162,0.24984157924995448,0.2370022187014457,0.237
163,0.249809041121253,0.23700221870512267,0.237
164,0.24996254974701979,0.23700221493473184,0.237
165,0.2500661198604647,0.2370022135576464,0.237
166,0.2500661198604647,0.2370022135576464,0.237
167,0.25014812743369347,0.2370021498105863,0.237
168,0.25016656092050893,0.23700214651962564,0.237
169,0.2502206489278969,0.23700214737144,0.237
170,0.2502836614509546,0.237002147351667,0.237
171,0.2502675696161665,0.23700216102894764,0.237
172,0.25027562724999475,0.23700215954527484,0.237
173,0.25022365532024904,0.23700215959410953,0.237
174,0.06822310893495091,0.05500612329450781,0.055
175,0.06822310893495091,0.05500612329450781,0.055
176,0.06828232404658235,0.05500611721442527,0.055
177,0.06881568445211533,0.05500587508430154,0.055
178,0.068767164574647,0.05500591089969112,0.055
179,0.0687030175983175,0.055006170696819075,0.055
180,0.0679049549367377,0.05500643170824866,0.055
181,0.06779452935201469,0.05500667481689484,0.055
182,0.06780348953850748,0.055006649056538494,0.055
183,0.06775505867401856,0.05500663312606766,0.055
184,0.06768167332686467,0.055006633201079645,0.055
185,0.06767786008274843,0.055006659244574777,0.055
186,0.06760995327414665,0.05500666555466317,0.055
187,0.0675433267155485,0.055006690491948104,0.055
188,0.06755248221678561,0.05500668919764361,0.055
189,0.06745815057036572,0.055006596186962624,0.055
190,0.06742507977667372,0.05500659762927982,0.055
191,0.0674850495025299,0.055006602229348105,0.055
192,0.06744314481576755,0.05500659260508618,0.055
193,0.06744314481576755,0.05500659260508618,0.055
194,0.06749365325201652,0.05500658825152764,0.055
195,0.06749365325201652,0.05500658825152764,0.055
196,0.06749827988914045,0.055006593558341324,0.055
197,0.06749827988914045,0.055006593558341324,0.055
198,0.06743880161338629,0.055006593221272375,0.055
199,0.06750455200064408,0.05500655175069456,0.055
200,0.06754463571047564,0.05500654941474931,0.055
201,0.06767213405533079,0.05500655195281674,0.055
202,0.06767213405533079,0.05500655195281674,0.055
203,0.06764115021306452,0.05500655243977963,0.055
204,0.06762123438805667,0.05500655556605994,0.055
205,0.06770922081902638,0.05500654612102749,0.055
206,0.06783515404967165,0.05500652697217973,0.055
207,0.06783515404967165,0.05500652697217973,0.055
208,0.06783515404967165,0.05500652697217973,0.055
209,0.06776067577349229,0.05500652352041053,0.055
210,0.06766958678303978,0.05500652679267001,0.055
211,0.0676504358173342,0.05500652687246212,0.055
212,0.06767881370198339,0.055006526203822896,0.055
213,0.06770448362904684,0.05500652001211048,0.055
214,0.06784860441569007,0.05500641306928094,0.055
215,0.06784860441569007,0.05500641306928094,0.055
216,0.06784249628528968,0.055006413888411855,0.055
217,0.06785348410421312,0.05500645869460441,0.055
218,0.06783331636598229,0.05500645269200509,0.055
219,0.06777002087916811,0.055006444275852676,0.055
220,0.06779731220678142,0.05500644376777751,0.055
221,0.0678519598528077,0.055006441919377085,0.055
222,0.067844635207044,0.05500644452007936,0.055
223,0.06782196523019614,0.05500644533507011,0.055
224,0.06782196523019614,0.05500644533507011,0.055
225,0.06784494067271622,0.0550065300941234,0.055
226,0.06784341310789363,0.055006644052556036,0.055
227,0.06780503240698232,0.05500664409065803,0.055
228,0.06771867968671064,0.05500666408470089,0.055
229,0.06777126531168734,0.05500666085345375,0.055
230,0.06783760297296834,0.05500665903867779,0.055
231,0.06786079226233088,0.05500665870147966,0.055
232,0.06783055824822833,0.05500665907560372,0.055
233,0.06794712045387591,0.055006659399781284,0.055
234,0.06790014002142548,0.05500666331800964,0.055
235,0.06787142548515611,0.05500665375372889,0.055
236,0.06775037201597633,0.05500666685542135,0.055
237,0.0678145851006807,0.0550066657820603,0.055
238,0.06780626627972855,0.05500667754807638,0.055
239,0.06775224730519833,0.05500668384086383,0.055
240,0.06770511555284725,0.0550066716702189,0.055
241,0.06766448786491173,0.0550064445699896,0.055
242,0.2497616112253788,0.23700220106870173,0.237
243,0.2497889579588532,0.23700216538007904,0.237
244,0.2497889579588532,0.23700216538007904,0.237
245,0.24970890516711847,0.23700222263766488,0.237
246,0.24970195501594486,0.23700222480912014,0.237
247,0.2497858594685883,0.2370022246992692,0.237
248,0.2497858594685883,0.2370022246992692,0.237
249,0.2497858594685883,0.2370022246992692,0.237
250,0.24976721954475153,0.23700222555760916,0.237
251,0.24975224730519827,0.2370022243331935,0.237
252,0.24982718462217518,0.23700222283856898,0.237
253,0.24979576641036333,0.2370022208457749,0.237
254,0.24979576641036333,0.2370022208457749,0.237
255,0.24974317568147453,0.23700222093511633,0.237
256,0.24980318089448908,0.23700221828552168,0.237
257,0.2498164314026302,0.23700221783650605,0.237
258,0.24983117132835655,0.23700115600764088,0.237
259,0.24982472928536512,0.23700115260945323,0.237
260,0.2498680867516273,0.2370011547809651,0.237
261,0.24985653082984968,0.23700121188123596,0.237
262,0.2498360725729459,0.23700121040993996,0.237
263,0.24979793036150327,0.2370012106456592,0.237
264,0.06768484851792698,0.055006602298831093,0.055
265,0.06770385161344414,0.055006600141061374,0.055
266,0.06762959676187885,0.05500660020190723,0.055
267,0.06764179121148622,0.0550066014710917,0.055
268,0.06769974127519147,0.05500658068990649,0.055
269,0.06771111424797717,0.055006591575516864,0.055
270,0.06776005202277151,0.055006591876834494,0.055
271,0.06780749977722607,0.0550065926167529,0.055
272,0.06783515404967165,0.055006593198552466,0.055
273,0.06790435340762696,0.055006620824685964,0.055
274,0.06790946334933988,0.055006637982143024,0.055
275,0.06788898207276353,0.05500664937989019,0.055
276,0.06793132715857589,0.0550066583916858,0.055
277,0.06849083177300817,0.05500645310163333,0.055
278,0.06849598846108623,0.055006487439854895,0.055
279,0.06844663935258614,0.055006481732440674,0.055
280,0.06785957518461735,0.05500665768435254,0.055
281,0.0678210434548347,0.05500667749336618,0.055
282,0.06797112606101677,0.05500665212435861,0.055
283,0.06799878441226068,0.055006649996074686,0.055
284,0.06811121386492427,0.05500663022674463,0.055
285,0.068082745691914,0.055006629239196116,0.055
286,0.06812789254723861,0.055006625610020426,0.055
287,0.06818516054643398,0.05500662207254589,0.055
288,0.06826972060728705,0.05500663100763894,0.055
289,0.06833504727784438,0.05500655023896877,0.055
290,0.06829859578075105,0.05500656536593088,0.055
291,0.06836866701205888,0.055006547894326976,0.055
292,0.06841763109070276,0.055006544822915525,0.055
293,0.06861470126117794,0.055006452863635,0.055
294,0.06861470126117794,0.055006452863635,0.055
295,0.06857660573101623,0.055006471462346884,0.055
296,0.06818737375560008,0.05500657100395312,0.055
297,0.0682638013799889,0.05500656350728686,0.055
298,0.06822529385860972,0.05500656405719879,0.055
299,0.06822938615001096,0.05500655468014639,0.055
300,0.06826676256564394,0.05500655506401248,0.055
301,0.06825084310287055,0.055006524869970694,0.055
302,0.06821873414921412,0.05500651352957412,0.055
303,0.06813183734832529,0.05500654831990323,0.055
304,0.06811234738564818,0.05500655954763409,0.055
305,0.06815679933487863,0.05500654388945529,0.055
306,0.06817767891973468,0.05500648399202815,0.055
307,0.06817212500581762,0.05500648346648471,0.055
308,0.06872468416337976,0.05500581454341897,0.055
309,0.06865227455666717,0.05500588975368813,0.055
310,0.06845064694837368,0.055005726206926384,0.055
311,0.06845264814348781,0.14353888486616317,0.055
312,0.0684834441382195,0.14381153850252443,0.055
313,0.0684295297773306,0.14397933141006922,0.055
314,0.06785074002533965,0.05500668492538583,0.055
315,0.0678010197301968,0.05500667613736838,0.055
316,0.06840363163166359,0.14580441282145276,0.055
317,0.06845589638203996,0.14577912448379154,0.055
318,0.0683652989778642,0.1457818117178531,0.055
319,0.06777344217233486,0.05500667580156493,0.055
320,0.24983301000279326,0.2370012211475664,0.237
321,0.24986504904361628,0.23700122060046858,0.237
322,0.24993729485776986,0.2370012173009,0.237
323,0.24992056101740284,0.2370011517122751,0.237
324,0.24996698832168346,0.2370011534926594,0.237
325,0.24996698832168346,0.2370011534926594,0.237
326,0.24979236359929274,0.2370011535180971,0.237
327,0.24981088995965625,0.23700115161220572,0.237
328,0.24994979559389538,0.23700115779177555,0.237
329,0.2503105371133193,0.23700107807818935,0.237
330,0.24995929132217873,0.23700222461921905,0.237
331,0.2500125326246083,0.2370022238790441,0.237
332,0.24996402987877717,0.23700222232585866,0.237
333,0.25001778355408466,0.23700222312732297,0.237
334,0.24998968686097323,0.23700222279357297,0.237
335,0.24993699670193906,0.237002222792323,0.237
336,0.24997142143155165,0.23700222279949773,0.237
337,0.24997584907127973,0.23700222279212024,0.237
338,0.24999790503060318,0.23700224532215466,0.237
339,0.24998821731585208,0.23700224534617279,0.237
340,0.2500204060350582,0.23700226621465337,0.237
341,0.24990014002142544,0.23700224261127933,0.237
342,0.0677669081690618,0.05500672928436077,0.055
343,0.06780564939025534,0.0550067236725723,0.055
344,0.0677684648149158,0.05500662079798861,0.055
345,0.06782411521566774,0.055006638557235345,0.055
346,0.06788172700195139,0.05500661342786383,0.055
347,0.06792684505768228,0.055006605715519664,0.055
348,0.0679737835204752,0.055006605587191906,0.055
349,0.06866942754664825,0.055014726146530434,0.055
350,0.06851722295926786,0.05501349150714262,0.055
351,0.0684676017068371,0.055014199529365926,0.055
352,0.06808360337110911,0.05500842524141424,0.055
353,0.06810440431696195,0.05501247417970599,0.055
354,0.06811800896625454,0.0550148667946695,0.055
355,0.06813324500918996,0.05501505252644674,0.055
356,0.06805345142879561,0.05501150041189671,0.055
357,0.06803609907513943,0.055010591526350856,0.055
358,0.06799027450816272,0.05501059228587059,0.055
359,0.06802331756795857,0.05501058168161639,0.055
360,0.06846287699950071,0.15206621828974876,0.055
361,0.06840388689222307,0.15205947918047225,0.055
362,0.06845764353329285,0.15182954814591462,0.055
363,0.06848492363405437,0.1516074599648858,0.055
364,0.0684765268224713,0.14484185800500207,0.055
365,0.06846412129579049,0.14497721687226822,0.055
366,0.06840209950514604,0.14517587015745742,0.055
367,0.06870829607443665,0.14286034739734962,0.055
368,0.06907885704597128,0.13202699221427852,0.055
369,0.0692898954736256,0.12903973457332527,0.055
370,0.06915116910733035,0.12372311737957928,0.055
371,0.0692660886205193,0.1111725470387471,0.055
372,0.06898748366365183,0.14184409445770915,0.055
373,0.06925109678952604,0.13705174917741847,0.055
374,0.0689271924365441,0.14081430313726778,0.055
375,0.06895097452985555,0.14064094565471413,0.055
376,0.06877202504771172,0.1421477099140174,0.055
377,0.0687886016023224,0.13930685878490479,0.055
378,0.06879110352210117,0.13930321089408132,0.055
379,0.06881936613617369,0.1407483985738004,0.055
380,0.06896376830813852,0.13501835804741463,0.055
381,0.06909775895052145,0.19298496675053706,0.055
382,0.06911636327986662,0.19030638435796776,0.055
383,0.06915639086801223,0.18219280827585863,0.055
384,0.06917039311266221,0.19676641741645734,0.055
385,0.06909603058653617,0.15542828447754214,0.055
386,0.06910727357136359,0.14992883506834564,0.055
387,0.0690385319198887,0.14513141445340216,0.055
388,0.06910214104035423,0.15359035300864737,0.055
389,0.06914985712462174,0.1500550510040586,0.055
390,0.06893561033588029,0.055009705647096174,0.055
391,0.25098570586339153,0.23700151895640711,0.237
392,0.25096194983238357,0.2370013482523432,0.237
393,0.25127670024182325,0.23700119008174417,0.237
394,0.25125818263421446,0.23700119034495828,0.237
395,0.25123507583689714,0.23700125835132843,0.237
396,0.2509940346322656,0.23700107126426515,0.237
397,0.25105753061987046,0.23700215488203594,0.237
398,0.2511175872157983,0.237002220869398,0.237
399,0.2511612840424095,0.23700214516168314,0.237
400,0.25120828041065074,0.2370021784098302,0.237
401,0.25130103040834356,0.23700225977754114,0.237
402,0.25140153079357896,0.23700238666728404,0.237
403,0.25139796455392893,0.2370023374227545,0.237
404,0.2511982696426585,0.23700222245983052,0.237
405,0.2512194027035533,0.2370021786389828,0.237
406,0.2513041009005972,0.2370015706571778,0.237
407,0.251308497406094,0.23700086623290337,0.237
408,0.25130922435296,0.23700068886480127,0.237
409,0.2513369373063133,0.23700076910595494,0.237
410,0.25125853983490076,0.23700206194030385,0.237
411,0.25124536930464514,0.23700104802127306,0.237
412,0.2512602028055703,0.2370010111004051,0.237
413,0.06922030806322499,0.05500625368552885,0.055
414,0.0692680707839775,0.05500658104999115,0.055
415,0.06936813494216393,0.055000884659121854,0.055
416,0.06936474262106074,0.05500069009223976,0.055
417,0.06938347210665621,0.0550003442834041,0.055
418,0.06935148277470665,0.05500395439554184,0.055
419,0.06932636833277912,0.0550040169225687,0.055
420,0.06944453157675558,0.055001613164340275,0.055
421,0.06944888472017767,0.05500099660331582,0.055
422,0.06946168889317861,0.05500122783356388,0.055
423,0.06903329510725933,0.05500313879301676,0.055
424,0.06925698979974367,0.05500481893792188,0.055
425,0.06920788352157167,0.05500596517855405,0.055
426,0.06944827147041749,0.05500623884761776,0.055
427,0.0694211844305035,0.055004177024476464,0.055
428,0.06942162283159649,0.055004193258070114,0.055
429,0.06940773948384817,0.055004897832845207,0.055
430,0.06941935207984395,0.05500460086789232,0.055
431,0.06943297595080837,0.055004654029194695,0.055
432,0.069338362194204,0.05500014978709309,0.055
433,0.06935704175188481,0.055000185220818815,0.055
434,0.06936415028545431,0.05500018192484153,0.055
435,0.06945957770885507,0.05500019561291948,0.055
436,0.06929242585615608,0.05500018786010477,0.055
437,0.0693432256060466,0.055000230511887876,0.055
438,0.06926976349065596,0.05500018141737677,0.055
439,0.06946293882290247,0.0550002071964315,0.055
440,0.06940690075503643,0.055000214434003214,0.055
441,0.06936640636350244,0.05500021581308551,0.055
442,0.0694627425469197,0.05500022770136918,0.055
443,0.0694616012745538,0.055000161260747735,0.055
444,0.06907975013592216,0.055000040090235444,0.055
445,0.06888053617678405,0.055000039499027854,0.055
446,0.06875083986953583,0.05500003397903592,0.055
447,0.06852179868387336,0.0550000585018908,0.055
448,0.0680733115149961,0.05500006478183532,0.055
449,0.06744883313827878,0.055000071865145994,0.055
450,0.06864476323407903,0.05500009792991167,0.055
451,0.0685741998963397,0.05500008646500193,0.055
452,0.06905064523214435,0.05500009192628331,0.055
453,0.06915923948485539,0.05500008758423892,0.055
454,0.06908063042121132,0.05500009362568961,0.055
455,0.06908833060098588,0.055000108288156886,0.055
456,0.06889870171593784,0.05500009425802088,0.055
457,0.2508919538735377,0.23700007335431633,0.237
458,0.25067042938748807,0.23700008725324476,0.237
459,0.2506101754453262,0.23700007443704474,0.237
460,0.25064209062713166,0.2370000497780315,0.237
461,0.250617539836063,0.23700005069350624,0.237
462,0.2510513775485564,0.23700057060848312,0.237
463,0.25136318779326755,0.23700065551690988,0.237
464,0.2513889491424457,0.23700101424727432,0.237
465,0.25141182654555294,0.23700210405276892,0.237
466,0.2513767198193795,0.23700208375757842,0.237
467,0.25137631213024625,0.23700210451059756,0.237
468,0.25144825541614635,0.2370011351875183,0.237
469,0.25145488405664784,0.2370011380300166,0.237
470,0.2514614562055715,0.23700209316597806,0.237
471,0.2514267067080607,0.23700211730248072,0.237
472,0.2514581824099901,0.23700209880725642,0.237
473,0.25145833598331013,0.23700213660857045,0.237
474,0.2514564701682758,0.2370021405713029,0.237
475,0.2514547840340719,0.23700225444185424,0.237
476,0.2514623397879155,0.2370021831041412,0.237
477,0.2514584871631737,0.2370020681572166,0.237
478,0.2514606915041718,0.23700207231016898,0.237
479,0.06946320713188556,0.05500544071898214,0.055
480,0.0694625215774354,0.05500575001984634,0.055
481,0.06946038170514385,0.05500575123623182,0.055
482,0.06935302459809532,0.05500555290879732,0.055
483,0.06935749341730321,0.05500567854377517,0.055
484,0.06937720775523157,0.05500563133978597,0.055
485,0.06945860990499769,0.05500616553398926,0.055
486,0.06945875547066924,0.05500699986957867,0.055
487,0.0694576473301933,0.0550069981215258,0.055
488,0.06938777899942755,0.05500553051150168,0.055
489,0.06942665543627738,0.05500506979992308,0.055
490,0.06938660259443367,0.05500510298645841,0.055
491,0.06934289627073778,0.0550046316999478,0.055
492,0.06935474312201328,0.055004562189952776,0.055
493,0.06936960589482567,0.05500325362527271,0.055
494,0.06936960589482567,0.05500325362527271,0.055
495,0.06945025861538175,0.05500013856923017,0.055
496,0.08244885854429848,0.06800014658681969,0.068
497,0.08241405103788932,0.06800012865193485,0.068
498,0.08241979643197496,0.06800012866401614,0.068
499,0.08179782169194985,0.06800003110062608,0.068
500,0.06902249071108427,0.05500003052992115,0.055
501,0.06892926275062357,0.05500002808489166,0.055
502,0.06926654868196788,0.0550000581329362,0.055
503,0.06886877117205095,0.055000058330126014,0.055
504,0.06830891004016502,0.05500007182341837,0.055
505,0.06843865303944582,0.055000090841802365,0.055
506,0.0689782830611857,0.05500007681301381,0.055
507,0.06850783946928946,0.055000043773638006,0.055
508,0.0677084164331057,0.05500002939847301,0.055
509,0.06772552092444249,0.0550000300776781,0.055
510,0.06822840759188831,0.055000026877977504,0.055
511,0.06755644568248358,0.05500002002214617,0.055
512,0.06755644568248358,0.05500002002214617,0.055
513,0.06887300367510338,0.05500003172723939,0.055
514,0.06863807235320352,0.055000030785648794,0.055
515,0.06796909956465176,0.05500001624893258,0.055
516,0.06658827374267558,0.05500001685311133,0.055
517,0.06531062231148596,0.05500001690936623,0.055
518,0.06526377954376605,0.05500002749652105,0.055
519,0.06688312443898704,0.055000023789239336,0.055
520,0.067094803916673,0.055000023766182106,0.055
521,0.06725348106776412,0.05500002371382896,0.055
522,0.06793065479401438,0.055000039262753556,0.055
523,0.05502502685798719,0.0550000226059379,0.055
524,0.05528478182086826,0.05500002258479656,0.055
525,0.06157572156925811,0.055000021324124265,0.055
526,0.0684911057566157,0.05500003125386238,0.055
527,0.06851570636882942,0.05500003123912012,0.055
528,0.06833522219802991,0.05500002878600782,0.055
529,0.0683013710382809,0.05500002816297487,0.055
530,0.06777572965372049,0.055000027447536064,0.055
531,0.06771184657447925,0.05500002753810124,0.055
532,0.0685267136889939,0.05500004833308111,0.055
533,0.06767907243451914,0.055000060688215585,0.055
534,0.06687281675262699,0.05500006065218174,0.055
535,0.06688483915425958,0.05500005484998631,0.055
536,0.06806447443789192,0.055000177128800606,0.055
537,0.06871986549257539,0.055000189506106884,0.055
538,0.06886025622742288,0.05501402243670497,0.055
539,0.06923811192543144,0.05500099468991282,0.055
540,0.06932535625980202,0.055001346603417926,0.055
541,0.06944335235666631,0.055003217870487245,0.055
542,0.06938412470480984,0.05500141111921459,0.055
543,0.06941933627678748,0.05500272187245087,0.055
544,0.06943523600899233,0.1576878363691509,0.055
545,0.06946265674938636,0.1663155008324485,0.055
546,0.06946307856980569,0.15565795098166485,0.055
547,0.06924426418474362,0.197943034399348,0.055
548,0.06924426418474362,0.197943034399348,0.055
549,0.06924927684187453,0.1968056262930733,0.055
550,0.06945944831841788,0.18628631024064465,0.055
551,0.25146177221687743,0.23700494492212795,0.237
552,0.2514622313971596,0.2370053060081061,0.237
553,0.25146309495007707,0.23700127490521683,0.237
554,0.25135830393294084,0.23700120743209968,0.237
555,0.25138559598853916,0.2370012977895826,0.237
556,0.25145941506124414,0.2370015375257149,0.237
557,0.2514494971517513,0.23700540682259832,0.237
558,0.25128730743991223,0.23700411857503417,0.237
559,0.25127270667227714,0.23700382984717147,0.237
560,0.25133138679697914,0.23700375585906783,0.237
561,0.2514527693658674,0.2370035181556968,0.237
562,0.25143454285045674,0.2370034565435478,0.237
563,0.25144241439156645,0.2370035298127228,0.237
564,0.2512768362337273,0.23700353238870625,0.237
565,0.25130007012274697,0.23700352474799619,0.237
566,0.25130007012274697,0.23700352474799619,0.237
567,0.25144430618261326,0.23700371219171665,0.237
568,0.2514632015018873,0.23700365914806296,0.237
569,0.2514621455145283,0.23700371819683602,0.237
570,0.2514544548105342,0.23700462436026642,0.237
571,0.2514499453305795,0.23700461896735586,0.237
572,0.25123153663357894,0.23700517649324837,0.237
573,0.06910331164969721,0.16603221692539188,0.055
574,0.06923944173246341,0.16350825384446557,0.055
575,0.0694216124679493,0.13963503267608346,0.055
576,0.06924759521947928,0.05500014453392975,0.055
577,0.06941435604497528,0.05500009520906209,0.055
578,0.06926280518427184,0.055000042397537426,0.055
579,0.06924129658450344,0.05500004240439056,0.055
580,0.06924941458951403,0.055000041966374605,0.055
581,0.06940071487594077,0.05500008270194591,0.055
582,0.06945956125858718,0.055000081043763874,0.055
583,0.06933319905802315,0.055000071832214295,0.055
584,0.06856774523696028,0.055000064102545335,0.055
585,0.06845471145968424,0.05500004224935665,0.055
586,0.06847717871310612,0.05500004046403497,0.055
587,0.06899920926977997,0.05500004278431492,0.055
588,0.06886295235886918,0.05500003407031294,0.055
589,0.06888450247928359,0.05500003319509988,0.055
590,0.06931060002688472,0.055000036348188085,0.055
591,0.06929034138794483,0.055000035952912446,0.055
592,0.0691389504577138,0.05500004353691294,0.055
593,0.06936897654132182,0.055000040679762184,0.055
594,0.06937401098837383,0.05500004195741021,0.055
595,0.06945285300987748,0.055000039544333516,0.055
596,0.06945460754865414,0.055000046245258616,0.055
597,0.06945816304501036,0.05500004619241082,0.055
598,0.06945414527675081,0.055000046182819014,0.055
599,0.06930565728662565,0.05500004598532573,0.055
600,0.06944534635626219,0.055000042722519966,0.055
601,0.06928068014716215,0.055000042917836216,0.055
602,0.06918288812193152,0.05500004192011624,0.055
603,0.06907869237384966,0.05500004214898446,0.055
604,0.06944486711107234,0.05500004588049204,0.055
605,0.06933983162169301,0.05500004757186688,0.055
606,0.0694504138434449,0.055000143401976294,0.055
607,0.06943045282428746,0.05500010493235123,0.055
608,0.06943197643048667,0.05500006303916207,0.055
609,0.06944350656072122,0.055000069076331266,0.055
610,0.06943809719067282,0.055000068172023,0.055
611,0.06944544940282263,0.05500012240372744,0.055
612,0.06945752570841165,0.05500012546335309,0.055
613,0.06944059679958452,0.055000122404570785,0.055
614,0.06943514408333532,0.0550001261449626,0.055
615,0.06927743957533665,0.055000055289292776,0.055
616,0.06944197718896541,0.055000054458400824,0.055
617,0.06944419297408115,0.05500002901242049,0.055
618,0.06944187776486276,0.055000049238429743,0.055
619,0.06943733802891942,0.05500004924144585,0.055
620,0.069297824148025,0.05500494129712716,0.055
621,0.06931630111577357,0.05500494311315821,0.055
622,0.06928369162903093,0.05500603496787055,0.055
623,0.06930912060499239,0.055005431670530666,0.055
624,0.06924056104787017,0.055006906411676465,0.055
625,0.06925984700469526,0.05500690899102558,0.055
626,0.06941878921545408,0.05500459942566994,0.055
627,0.06946237942307165,0.05500482253172677,0.055
628,0.0694554234428604,0.055005010155419296,0.055
629,0.06944047289309495,0.05500667812918509,0.055
630,0.06943472853130742,0.05500004187890041,0.055
631,0.06943546515626176,0.05500004069251278,0.055
632,0.06943792293468742,0.05500004018873197,0.055
633,0.0694091788888504,0.05500405148936631,0.055
634,0.06946140190502606,0.05500407329596176,0.055
635,0.06936195592195463,0.12493284083056408,0.055
636,0.06928542684532611,0.11693579547167701,0.055
637,0.06927623188048197,0.12142245604708046,0.055
638,0.0691183026369511,0.10739382862761906,0.055
639,0.06911093354010231,0.11660388783593414,0.055
640,0.06885303398614845,0.08126425409998704,0.055
641,0.06889805061680307,0.1587065843669846,0.055
642,0.06838392136301562,0.05500041738367118,0.055
643,0.06886272793532416,0.05500408047098955,0.055
644,0.06883015811921699,0.055002303078447314,0.055
645,0.06931352675339437,0.2443859948987084,0.055
646,0.06929472663142106,0.20372125081970596,0.055
647,0.2512513550374529,0.23700504280376813,0.237
648,0.2512895272363173,0.2370027232094793,0.237
649,0.25126654868196796,0.23700062971556654,0.237
650,0.2513424541166815,0.23700022117774333,0.237
651,0.25130332289697,0.23700016109585992,0.237
652,0.2509455425448354,0.23700017916944818,0.237
653,0.25026757339504274,0.2370000373292637,0.237
654,0.2479720584297903,0.23700005443564137,0.237
655,0.24823185602910267,0.23700005606805796,0.237
656,0.2479307636948821,0.23700005233524932,0.237
657,0.24859826808713573,0.23700005928732218,0.237
658,0.2487267379312626,0.23700005495293966,0.237
659,0.24644510034808637,0.2370000515331001,0.237
660,0.24254605534891363,0.23700002538739917,0.237
661,0.24267908736192942,0.23700002568230047,0.237
662,0.24205712745010083,0.2370000256689184,0.237
663,0.2476652657767038,0.23700004512512468,0.237
664,0.247741646872722,0.23700004469071978,0.237
665,0.24782346472021005,0.23700004356308316,0.237
666,0.24775514760007294,0.2370000396847261,0.237
667,0.2429979832511862,0.23700003065195255,0.237
668,0.24500501823312953,0.23700003732146396,0.237
669,0.06345209870611336,0.05500004111246622,0.055
670,0.06689225894457189,0.05500006568843218,0.055
671,0.06721626476241417,0.055000058535063595,0.055
672,0.06592849756509946,0.05500003527961931,0.055
673,0.06800235784608327,0.05500003109766012,0.055
674,0.06777489410730277,0.055000031107418725,0.055
675,0.06792359556904604,0.05500003159336415,0.055
676,0.06800539160095027,0.05500003102856544,0.055
677,0.06803251147346506,0.05500003075127189,0.055
678,0.06789673312688896,0.05500003195740167,0.055
679,0.06789673312688896,0.05500003195740167,0.055
680,0.06705068150663195,0.05500003498088634,0.055
681,0.06775264914438164,0.055000034658418594,0.055
682,0.06781714981969086,0.0550000344141736,0.055
683,0.06847747625253768,0.055000031537529595,0.055
684,0.06851308831403882,0.055000033165432526,0.055
685,0.06854593818714458,0.055000035541699695,0.055
686,0.06906480029333398,0.05500003559529552,0.055
687,0.06905119453457263,0.05500003489187054,0.055
688,0.06910552240256622,0.05500003769356394,0.055
689,0.06917324526127087,0.05500003874608295,0.055
690,0.0691429673965507,0.05500003696693904,0.055
691,0.06914456678862616,0.05500003686999377,0.055
692,0.06940344464155021,0.0550000386472168,0.055
693,0.06934902492937586,0.05500003578429465,0.055
694,0.06931642432576228,0.0550000279975216,0.055
695,0.06784857095725323,0.0550000317207647,0.055
696,0.06574085114919179,0.05500002309548019,0.055
697,0.06705825968480936,0.05500002953677683,0.055
698,0.06861345304874784,0.055000026294087054,0.055
699,0.06936623376190003,0.05500004059543874,0.055
700,0.0693677815216304,0.055000041591987375,0.055
701,0.06907284697521146,0.055000040682410344,0.055
702,0.06895440034860087,0.055000038148084344,0.055
703,0.06844776124779005,0.05500004097993256,0.055
704,0.06898782073758047,0.055000039484983936,0.055
705,0.06891697922106335,0.0550000405366827,0.055
706,0.06874092918601937,0.05500003950291041,0.055
707,0.06874092918601937,0.05500003950291041,0.055
708,0.06803026408075868,0.055000050368902355,0.055
709,0.06878083506757263,0.05500013745820446,0.055
710,0.06805374822370246,0.05500014248504404,0.055
711,0.06813202919297845,0.05500016047377071,0.055
712,0.06822704306690387,0.05500018318576161,0.055
713,0.06885687670230792,0.14687929051610288,0.055
714,0.06880066911308272,0.1383984077266968,0.055
715,0.0688849422623104,0.1516235409624094,0.055
716,0.06891889526940737,0.17673704259787573,0.055
717,0.06886048115918376,0.1561035943678506,0.055
718,0.06922431364001996,0.11753933902513825,0.055
719,0.06922445099158485,0.06566258261691803,0.055
720,0.06923877734082237,0.11749055998315078,0.055
721,0.06916835967709176,0.05504439519390048,0.055
722,0.0692182294236738,0.09196161143085368,0.055
723,0.0692747773040619,0.09169678868137351,0.055
724,0.06921291067123983,0.055000875561060716,0.055
725,0.06918720132965174,0.0550008685421428,0.055
726,0.06887389261052254,0.05500027296761983,0.055
727,0.06905210917042875,0.055039060063171025,0.055
728,0.06913197955923701,0.05501955399983818,0.055
729,0.0693691466305409,0.05500350952064303,0.055
730,0.06944740660677823,0.055003803335536304,0.055
731,0.06945299166403515,0.05500380870022929,0.055
732,0.06937179130068732,0.05500580901098295,0.055
733,0.0694339487925382,0.05500582075445175,0.055
734,0.06944191704751382,0.055005796947128496,0.055
735,0.06942520541250151,0.055005813233052536,0.055
736,0.06934344773371598,0.05500583521247327,0.055
737,0.06945369515681582,0.05500496517014268,0.055
738,0.06944911571781953,0.0550050621526823,0.055
739,0.06944780678729215,0.0550050857460993,0.055
740,0.0693646591559205,0.05500571691078007,0.055
741,0.06934308022878126,0.055005733202885,0.055
742,0.06934826538681246,0.05500570757586066,0.055
743,0.06934826538681246,0.05500570757586066,0.055
744,0.06945377398470695,0.055005280967003946,0.055
745,0.06945343004395077,0.05500528053139244,0.055
746,0.06942272752642786,0.05500016855532391,0.055
747,0.0694631823159339,0.05500014548243941,0.055
748,0.06946313535977672,0.055000145531160276,0.055
749,0.06937434160221069,0.0550001752758218,0.055
750,0.06933128573819884,0.05500013548366563,0.055
751,0.06935421943126314,0.055000142523352565,0.055
752,0.06934911877440164,0.05500014254882,0.055
753,0.0694603671947357,0.07141751418377468,0.055
754,0.06946094454550597,0.06698120160095278,0.055
755,0.06946093156275567,0.06687739883654989,0.055
756,0.06934552487163304,0.055003426598017664,0.055
757,0.06935513399727151,0.055003167571614456,0.055
758,0.06935513399727151,0.055003167571614456,0.055
759,0.06933199231482853,0.05500054526232507,0.055
760,0.06946319758702592,0.05501151121070764,0.055
761,0.06946240123483034,0.05501152147882318,0.055
762,0.06943766040929578,0.09300144821621104,0.055
763,0.06944030715264479,0.09433728188253768,0.055
764,0.06945016502598361,0.09721259689957347,0.055
765,0.06943467944935973,0.08489891456118609,0.055
766,0.06943477485621882,0.05591206217862202,0.055
767,0.06945766747319575,0.10282389436465764,0.055
768,0.2514602793493673,0.23700379863144783,0.237
769,0.25143141544577813,0.23700399205677372,0.237
770,0.251431271658254,0.23700405649577444,0.237
771,0.2514212942432315,0.23700405891096185,0.237
772,0.2513936679208641,0.23700406703431973,0.237
773,0.25139324498466414,0.23700394873236996,0.237
774,0.2514580626937315,0.23700387818037952,0.237
775,0.2514389165954698,0.23700372277365905,0.237
776,0.2513288066172952,0.23700217024085446,0.237
777,0.25140133155956934,0.23700215299490165,0.237
778,0.25138967162313725,0.23700212998920023,0.237
779,0.25135509277155355,0.23700212998606138,0.237
780,0.2514620916043856,0.23700205894466506,0.237
781,0.25144921156306554,0.23700212669644452,0.237
782,0.25144940408823563,0.23700210635744645,0.237
783,0.2514394966676124,0.23700106150802425,0.237
784,0.2514456997542565,0.23700108959457028,0.237
785,0.2514582357942949,0.23700111446954877,0.237
786,0.25145508853351994,0.23700113508172985,0.237
787,0.2514319764304867,0.23700319466523584,0.237
788,0.2513013079082605,0.23700338867265816,0.237
789,0.2513259758640483,0.23700338445745497,0.237
790,0.06946306912576868,0.05500721807320922,0.055
791,0.06946221437834145,0.055006085793408065,0.055
792,0.06946197978535075,0.05500758208245749,0.055
793,0.06941244947154486,0.05500716778897813,0.055
794,0.06940578237814271,0.05500593350352018,0.055
795,0.06940865404402705,0.05500536788139348,0.055
796,0.06946320036931182,0.05500562342648868,0.055
797,0.06945918990630923,0.055005628241809754,0.055
798,0.06946069976317078,0.05500487894217797,0.055
799,0.06945605588275004,0.0550053655305651,0.055
800,0.06944476100011776,0.05500537049092831,0.055
801,0.06941457324390352,0.05500535837941481,0.055
802,0.06941457324390352,0.05500535837941481,0.055
803,0.06938981623301216,0.05500534893139567,0.055
804,0.0694478067872922,0.05500542672716277,0.055
805,0.06944177694268627,0.055006199686813105,0.055
806,0.06941182654555296,0.05500663163645476,0.055
807,0.0693298667401193,0.05500908732025311,0.055
808,0.06945251640171525,0.05500913091811192,0.055
809,0.06945527813939015,0.05500912343035043,0.055
810,0.06936524268657174,0.0550059688243209,0.055
811,0.06936723051026537,0.055005819348674385,0.055
812,0.0693709848337051,0.05500598262021677,0.055
813,0.0694542911747019,0.05500580475962491,0.055
814,0.06945299833500672,0.05500586746634598,0.055
815,0.0694563722251887,0.05500574436278067,0.055
816,0.06938188384057183,0.05500594741154218,0.055
817,0.06936171612581997,0.055005908545468704,0.055
818,0.06946132041087402,0.055005918757019066,0.055
819,0.06942889249654194,0.055005633723865355,0.055
820,0.06943564778821847,0.05500548086487146,0.055
821,0.06937694887098447,0.05500559198729425,0.055
822,0.06939324498466415,0.055005501287129145,0.055
823,0.06946300158238844,0.055000178588011886,0.055
824,0.06946312579965061,0.055000177181883686,0.055
825,0.06946303524140951,0.05500017718661036,0.055
826,0.06942797695849204,0.0550053959688745,0.055
827,0.06942873954712613,0.055004710207802274,0.055
828,0.06938066343389682,0.0550046524933593,0.055
829,0.0693464761717873,0.055004599091737,0.055
830,0.06936536839707691,0.0550046011005111,0.055
831,0.06941658317508453,0.05500529627118575,0.055
832,0.06946011481312464,0.05500487492628874,0.055
833,0.0692885943591162,0.05500023195699976,0.055
834,0.06939044837531037,0.05500025094382073,0.055
835,0.0693931809245293,0.05500021950362863,0.055
836,0.06944878626272143,0.05500701940183833,0.055
837,0.069445783057563,0.05500703078041437,0.055
838,0.06930108321776347,0.20390415867148487,0.055
839,0.06940891139549249,0.22019940641308816,0.055
840,0.06946227330227188,0.2315360125507754,0.055
841,0.06942608671731228,0.28730113854099254,0.055
842,0.06944784021305492,0.28360916146836307,0.055
843,0.0694585362480499,0.29014509684811424,0.055
844,0.0693730744438861,0.23739874973347289,0.055
845,0.06939340014930352,0.22928103603233627,0.055
846,0.06940043849020386,0.2311827740711533,0.055
847,0.06939834582527449,0.2623425969052442,0.055
848,0.06920549598491864,0.2613517167590471,0.055
849,0.06928912576002402,0.26005098729146986,0.055
850,0.0692691162548195,0.25713727656607793,0.055
851,0.0694411645477121,0.43613388385607044,0.055
852,0.06944203468035516,0.446320090042013,0.055
853,0.06944940228005807,0.45579000118615565,0.055
854,0.06929793151274635,0.2806561812329704,0.055
855,0.06933740789686316,0.2886291447901401,0.055
856,0.06933409581973889,0.28866387338989347,0.055
857,0.0693642413121914,0.2914508503996135,0.055
858,0.06933580440217552,0.28808650910078915,0.055
859,0.06933523610461483,0.2883172137880757,0.055
860,0.06928736022493522,0.2884330368985448,0.055
861,0.06935448052357121,0.2878546651444476,0.055
862,0.06935439292194685,0.2875438922981197,0.055
863,0.06934058523548159,0.2881775578558121,0.055
864,0.2513811221329971,0.2370087046729267,0.237
865,0.2513391883437792,0.23700924702592419,0.237
866,0.2513614618990423,0.23700952956610322,0.237
867,0.2514062442394196,0.2370003393245413,0.237
868,0.25121585734385093,0.23700042251830347,0.237
869,0.25114440703917223,0.23700058812773883,0.237
870,0.2514538524867197,0.23700608722471733,0.237
871,0.2512994310756957,0.23700604193956662,0.237
872,0.2512939365577279,0.23700601050325018,0.237
873,0.2512586588351533,0.23700599480860715,0.237
874,0.2514408035851457,0.23700596234459428,0.237
875,0.2514306018744478,0.23700040104184028,0.237
876,0.25143084952722233,0.23700026060227766,0.237
877,0.2514382708379808,0.23700025015741505,0.237
878,0.2514504889156268,0.23700519282180502,0.237
879,0.2514399090179276,0.23700627625587278,0.237
880,0.2514371213918979,0.23700623633757817,0.237
881,0.25144439347321185,0.23700617177013664,0.237
882,0.25144494341641005,0.23700617110916514,0.237
883,0.2514398482320959,0.2370063667118267,0.237
884,0.2513849008198021,0.23700646038491213,0.237
885,0.25136080513776476,0.23700654366619198,0.237
886,0.06946254095128467,0.2397343973539833,0.055
887,0.06946093795879121,0.23948385204598283,0.055
888,0.06945141444050285,0.23581825605214735,0.055
889,0.06945277900697215,0.2366119244803114,0.055
890,0.06943655395494505,0.22737771256182698,0.055
891,0.0694625636863687,0.20355783200825303,0.055
892,0.06946182234210764,0.20352031182435784,0.055
893,0.06946184254119736,0.20588954026582137,0.055
894,0.06939617911098224,0.20790742565381398,0.055
895,0.06922288590944028,0.1941933536108598,0.055
896,0.0692017609189751,0.1942033000793437,0.055
897,0.06923091988689226,0.1995970310433487,0.055
898,0.06897155272171322,0.05500725083777706,0.055
899,0.06896413163460262,0.05500725093457858,0.055
900,0.06890826547866237,0.05500723839150776,0.055
901,0.06861284896559539,0.05500734077037947,0.055
902,0.06877392275555663,0.05500735197112469,0.055
903,0.06891606225845406,0.05500714795982998,0.055
904,0.06891606225845406,0.05500714795982998,0.055
905,0.06890329478422841,0.055007198856858126,0.055
906,0.06894729157850528,0.05500722957776288,0.055
907,0.0690120476081536,0.055006608389632825,0.055
908,0.0689780261277183,0.05500661673344249,0.055
909,0.0689780261277183,0.05500661673344249,0.055
910,0.06905884852000811,0.05500663144426143,0.055
911,0.06906589767792506,0.05500667327414884,0.055
912,0.06904306848509803,0.055006672000836865,0.055
913,0.06901981383822353,0.05500671735594391,0.055
914,0.06873097726894843,0.05500692909413492,0.055
915,0.06873097726894843,0.05500692909413492,0.055
916,0.0688128142882457,0.05500687214711239,0.055
917,0.06880623214697165,0.055006897718914746,0.055
918,0.06876927972631772,0.05500693819626392,0.055
919,0.06917321243698206,0.05500627076232392,0.055
920,0.069367395263609,0.05500589710683394,0.055
921,0.0693882908708056,0.05500591005499448,0.055
922,0.06918145366935766,0.055006443698518315,0.055
923,0.06885942746699165,0.05500696260020467,0.055
924,0.06923582759439181,0.05500725816716277,0.055
925,0.06921183911379285,0.0550072042027406,0.055
926,0.06917503802773811,0.05500722204042594,0.055
927,0.06915378522360968,0.05502737940637251,0.055
928,0.06931334649020789,0.055003484204070356,0.055
929,0.06936315087870079,0.05500329445410872,0.055
930,0.06940093214483094,0.055004078804057166,0.055
931,0.0693886554472752,0.055017538153081594,0.055
932,0.06933495149456897,0.055018941230306075,0.055
933,0.0692541134103679,0.05500877809429312,0.055
934,0.0689860616707018,0.05500909480464234,0.055
935,0.06893374502577977,0.055009470919768995,0.055
936,0.0689595812224607,0.05501000449916389,0.055
937,0.0690942983731873,0.05500998751607753,0.055
938,0.06915956131232115,0.055010956765780446,0.055
939,0.0691454649674212,0.05501039835236198,0.055
940,0.08223820029877751,0.06801446675298375,0.068
941,0.082416386582431,0.1464459752943708,0.068
942,0.08243733802891945,0.1657949395979759,0.068
943,0.08244757179866949,0.18707466523978972,0.068
944,0.08244431953680693,0.1829812980396494,0.068
945,0.08243707795728414,0.18315276917017817,0.068
946,0.08244807318497135,0.21557120810134453,0.068
947,0.2644621894184704,0.2500052963263691,0.25
948,0.2644368165992203,0.250002892348826,0.25
949,0.2644432363055502,0.25000261172181404,0.25
950,0.26429803417109504,0.2500021953599896,0.25
951,0.26431233790420067,0.2500023394179593,0.25
952,0.2643126626158097,0.250002441725099,0.25
953,0.26442734750880437,0.25000275269056105,0.25
954,0.2642583915341826,0.25000279706773026,0.25
955,0.26344564032940543,0.25000021787163257,0.25
956,0.26322601905813686,0.2500000870339534,0.25
957,0.26300690694033985,0.2500001410573502,0.25
958,0.26356886973487226,0.2500000982083175,0.25
959,0.2630596726535486,0.25000037062704883,0.25
960,0.2638016167433566,0.25000065970639856,0.25
961,0.26390303188721165,0.25000201360704516,0.25
962,0.2642629305566339,0.25000019993848904,0.25
963,0.2642614234054063,0.2500002034080213,0.25
964,0.2639899920672243,0.25000004185116287,0.25
965,0.26397146527496107,0.25000004375811014,0.25
966,0.2640268434128293,0.2500000450068367,0.25
967,0.2641216250117823,0.250000053016589,0.25
968,0.2641141257571786,0.25000004766872,0.25
969,0.08177479692523461,0.06800005267661972,0.068
970,0.08173018921329699,0.06800006616776169,0.068
971,0.08176921555565095,0.06800007022959469,0.068
972,0.082152342906844,0.06800009518187225,0.068
973,0.0820705313558773,0.06800009686387073,0.068
974,0.08206623720538882,0.06800009847414731,0.068
975,0.08235649845294941,0.06800047560347683,0.068
976,0.08245986743123335,0.06800141951164893,0.068
977,0.08245932703467258,0.06800142565359543,0.068
978,0.08245932703467258,0.06800142565359543,0.068
979,0.08246169802533879,0.06800186961378317,0.068
980,0.08246273665941532,0.0680031679877185,0.068
981,0.08246194130694545,0.06800321083060591,0.068
982,0.08241574667569586,0.0680029997761293,0.068
983,0.08241257359404258,0.06800302381797788,0.068
984,0.08240878279699823,0.0680029342104971,0.068
985,0.08243742443355402,0.06803204196831644,0.068
986,0.08245372146898669,0.06803221371508456,0.068
987,0.08245983602472105,0.06804607753989296,0.068
988,0.0824601878540387,0.06804635937392998,0.068
989,0.08245496639290989,0.06802282139184768,0.068
990,0.08246047809281501,0.06802296609144552,0.068
991,0.082454983478405,0.12304701627750221,0.068
992,0.3854523460652461,0.37100215832847366,0.371
993,0.3853079739946099,0.37100223475688443,0.371
994,0.38526778839307074,0.3710023106921014,0.371
995,0.38525341473277225,0.37100230721896177,0.371
996,0.06944688598194837,0.16262051721122073,0.055
997,0.06943569335095798,0.16241527679339268,0.055
998,0.06944088458539893,0.16202906613209575,0.055
999,0.06941386757132116,0.1622421135253829,0.055
1000,0.06929080573098187,0.16035571268584847,0.055
1001,0.06925813782033853,0.1604972828853054,0.055
1002,0.06925225743864791,0.1607147511915095,0.055
1003,0.06920923718649365,0.1596381960465729,0.055
1004,0.06899353359878599,0.16407485341514375,0.055
1005,0.06813774119157422,0.1708287773982112,0.055
1006,0.06876238678049562,0.14951795841887716,0.055
1007,0.06875993885165485,0.11687090405924452,0.055
1008,0.06885393935875715,0.11673826038909525,0.055
1009,0.06932034777302742,0.10422642919247427,0.055
1010,0.06939434608110351,0.13935948380365185,0.055
1011,0.06937234851813508,0.15251354832882638,0.055
1012,0.06908676232835224,0.17091872108049577,0.055
1013,0.06910535260076633,0.15815969274779146,0.055
1014,0.06907409082878213,0.17219493223505108,0.055
1015,0.0693271080814496,0.18475185589847243,0.055
1016,0.06931514011332257,0.18320922245196933,0.055
1017,0.06933370017894558,0.1843207452437659,0.055
1018,0.06930454787851903,0.20052098616034958,0.055
1019,2.4892126290865932,2.47500004906412,2.475
1020,2.4888317745884616,2.4750000486089543,2.475
1021,2.48941145093884,2.4750000435201924,2.475
1022,2.5492059642791602,2.535000040635474,2.535
1023,2.549447337681617,2.5350000415945897,2.535
1024,2.5487349457898,2.5350000542094713,2.535
1025,5.0665898024637634,5.053000018271047,5.053
1026,5.065949763307262,5.053000017397085,5.053
1027,5.0664212136488365,5.0530000137919036,5.053
1028,5.066429802325696,5.053000013750428,5.053
1029,5.066830620201023,5.053000013439742,5.053
1030,5.067212488232347,5.053000017115095,5.053
1031,5.067169432058316,5.053000016700393,5.053
1032,5.066694085138421,5.053000017469854,5.053
1033,5.066687626873888,5.053000017467455,5.053
1034,5.066490220289748,5.0530000161558775,5.053
1035,2.646985842149788,2.6330000445227384,2.633
1036,2.6470146740464764,2.6330000439886097,2.633
1037,2.6471163010521885,2.6330000474703334,2.633
1038,2.8293241127486892,2.815000039455853,2.815
1039,2.8293326969438013,2.8150000389809877,2.815
1040,2.8293472343640658,2.8150000369090042,2.815
1041,2.829377045266431,2.8150000378994626,2.815
1042,2.8294191630845122,2.8150000401542927,2.815
1043,2.8294031068093766,2.8150000398440884,2.815
1044,2.829406441600009,2.8150000402623414,2.815
1045,2.829370586053415,2.8150000376078586,2.815
1046,2.8293745066741653,2.8150000376864024,2.815
1047,2.8293678671352955,2.8150000369303037,2.815
1048,2.829309289894148,2.8150000356433242,2.815
1049,2.8293662337619,2.8150000382662643,2.815
1050,2.8286415555067324,2.81500003891432,2.815
1051,2.8286142713139277,2.8150000362614596,2.815
1052,0.31142817578733945,0.2970013006249726,0.297
1053,0.31146102166000944,0.29700091974248766,0.297
1054,0.3114625268684058,0.2970009419519431,0.297
1055,0.3110809822342453,0.2970000934687912,0.297
1056,0.31101925860294594,0.29700009268097904,0.297
1057,0.31109663606871324,0.2970000848557654,0.297
1058,0.3243795462642827,0.310000470849462,0.31
1059,0.32407816291186614,0.3100000331709217,0.31
1060,0.1415499258511241,0.1280000272707496,0.128
1061,0.1414541082195111,0.12800002605639932,0.128
1062,0.14096022515621875,0.12800002748788844,0.128
1063,0.13822825097390348,0.12800002028930016,0.128
1064,0.13765675266372812,0.12800001957108154,0.128
1065,0.13892169060829376,0.1280000190104499,0.128
1066,0.14117449189618797,0.12800002586759737,0.128
1067,0.13957008284490127,0.12800002788077466,0.128
1068,0.1377476710823558,0.12800002833579877,0.128
1069,0.1369797014101651,0.1280000316552274,0.128
1070,0.1369458278130919,0.12800002897790128,0.128
1071,0.14067124833673667,0.1280000362517798,0.128
1072,0.14066689132458265,0.1280000360525614,0.128
1073,0.14055326044000993,0.12800004397940865,0.128
1074,0.1399537974902374,0.12800004191016898,0.128
1075,0.14068860297416996,0.12800010764410713,0.128
1076,0.14178923859719791,0.12800009371971924,0.128
1077,0.14191270818156043,0.1280000957569428,0.128
1078,0.1421708078220205,0.12800010382300336,0.128
1079,0.14219891856270825,0.12800010498653655,0.128
1080,2.1218138673550073,2.108000030414029,2.108
1081,2.1218692174817875,2.1080000305365068,2.108
1082,2.121928631126907,2.10800003021535,2.108
1083,0.1422259591444589,0.1280001137426486,0.128
1084,0.14230742400054175,0.1280001198179686,0.128
1085,0.14166491238149362,0.1280000909158645,0.128
1086,0.1410429691773912,0.1280000745349025,0.128
1087,0.13872490001922072,0.12800008109530078,0.128
1088,0.14010120775975618,0.12800008066077165,0.128
1089,0.14084978692304054,0.1280000723860779,0.128
1090,0.1399744165910382,0.1280000750200635,0.128
1091,0.13982892591213705,0.1280000713365832,0.128
1092,0.1402615754587806,0.1280000696714122,0.128
1093,0.14004254127662788,0.12800006040443393,0.128
1094,0.13657846521193281,0.12800008556227432,0.128
1095,0.12801985007082858,0.12800009855959796,0.128
1096,0.13480869661151185,0.12800010023466443,0.128
1097,0.1399076142125753,0.12800008671112895,0.128
1098,0.14126590129512334,0.12800008312461444,0.128
1099,0.07990818150333624,0.06800003994362631,0.068
1100,0.08006204178001812,0.06800004090006218,0.068
1101,0.0761856024359616,0.06800008365617528,0.068
1102,0.075230325333353,0.06800003202624255,0.068
1103,0.07435759824056834,0.06800003048128403,0.068
1104,0.07917096359036495,0.06800002312610808,0.068
1105,0.07931482650811637,0.06800002999375189,0.068
1106,0.2607080757524075,0.2500000264091564,0.25
1107,0.26079926907161755,0.2500000278590082,0.25
1108,0.2749257173474053,0.26300002886415697,0.263
1109,0.27457511086028114,0.2630000362476524,0.263
1110,0.27504362788363484,0.2630000303196112,0.263
1111,0.27606373639037024,0.26300002810467293,0.263
1112,0.27633908888965775,0.2630000289453416,0.263
1113,0.27503437950486326,0.2630000317220211,0.263
1114,0.2762160930837234,0.26300003100646274,0.263
1115,0.27656521211370144,0.26300005850972563,0.263
1116,0.27576442596893136,0.26300005730055165,0.263
1117,0.27581509535168586,0.26300005604880505,0.263
1118,0.2628631220432055,0.2500000686936503,0.25
1119,0.26278822910056066,0.2500000693323832,0.25
1120,0.2604657303142483,0.2500001770906904,0.25
1121,0.26053289672496804,0.2500000931891807,0.25
1122,0.26064244466490816,0.2500000911765622,0.25
1123,0.261938103427054,0.2500000865965088,0.25
1124,0.26198162904687444,0.25000009167595133,0.25
1125,0.26022641969300836,0.250000039083931,0.25
1126,0.25098144997114047,0.2500000300364485,0.25
1127,0.25000094256865024,0.25000003216687705,0.25
1128,0.06800219255631539,0.0680000356051687,0.068
1129,0.06800050680903925,0.06800005523364905,0.068
1130,0.06800021396704653,0.06800006307187163,0.068
1131,0.06800002890958622,0.06800005610134839,0.068
1132,0.06801493442257091,0.06800003657987846,0.068
1133,0.07818867564988653,0.06800002795488395,0.068
1134,2.1291615366636454,2.120000014669848,2.12
1135,2.1303780271490655,2.120000020449082,2.12
1136,2.128048107090222,2.1200000232771776,2.12
1137,0.15041475280185593,0.14000010513566027,0.14
1138,0.15066201434346282,0.1400001140062077,0.14
1139,0.15067581296220817,0.14000012045168314,0.14
1140,0.14860027792763247,0.14000017497119943,0.14
1141,0.15072569923860474,0.14000426112129857,0.14
1142,2.1291554922490654,2.12300004196455,2.123
1143,2.130823116844143,2.1230000195849734,2.123
1144,2.13062473544471,2.1230000198583303,2.123
1145,2.1337875032956606,2.1230000315380124,2.123
1146,2.1343918913652193,2.1230000532522233,2.123
1147,2.1327819619860495,2.1230000572804455,2.123
1148,2.1230291259130176,2.12300005595222,2.123
1149,2.1256647094874186,2.1230000540739815,2.123
1150,2.1230024331155297,2.123000031146896,2.123
1151,2.1332108168036457,2.1230000334728545,2.123
1152,2.1329259377121557,2.1230000335004267,2.123
1153,2.135267631585376,2.123000056445229,2.123
1154,2.1354775406978894,2.1230000583032043,2.123
1155,2.135401601505605,2.1230000582336537,2.123
1156,2.2553981843362743,2.2450000245299067,2.245
1157,2.255343592473054,2.2450000240704773,2.245
1158,2.2552025295174274,2.245000023416311,2.245
1159,2.25647956817812,2.2450000271722956,2.245
1160,2.25622421489993,2.2450000270622006,2.245
1161,2.255716898158967,2.245000027579095,2.245
1162,2.2450924964308174,2.2450000214621877,2.245
1163,0.2723533375739961,0.26200006362760137,0.262
1164,0.2738283443870392,0.26200005047447483,0.262
1165,0.2737755741599466,0.2620000400414665,0.262
1166,0.2736082327236735,0.26200003671138294,0.262
1167,0.2735926499322717,0.26200003648589976,0.262
1168,0.2748035582783818,0.262000025470522,0.262
1169,0.27481509535168586,0.2620000250730708,0.262
1170,0.2730532486893793,0.26200002632385294,0.262
1171,0.27418791234710166,0.2620000419004111,0.262
1172,0.2750923355368448,0.2620003352793032,0.262
1173,0.2747773999015573,0.2620009721559092,0.262
1174,0.15183125096365552,0.14000275259676564,0.14
1175,0.15236528381215428,0.1400015280770573,0.14
1176,0.15279196662401373,0.14000005592752793,0.14
1177,0.15337794434247037,0.14000005504391566,0.14
1178,0.15396621693863458,0.14000012202019863,0.14
1179,0.1542216961428426,0.14000348252433717,0.14
1180,0.15419630535274362,0.14000347103909994,0.14
1181,0.14123891030104385,0.12700375595257601,0.127
1182,0.1408698866007852,0.1270041744394117,0.127
1183,0.14016606874379195,0.20744556528789662,0.127
1184,0.14015972869566645,0.207220109578051,0.127
1185,0.14012091782934616,0.12703126681293544,0.127
1186,0.14012127717597547,0.12704191582720323,0.127
1187,0.1402232857890701,0.1272802560855578,0.127
1188,0.13942984574317605,0.12700004026584366,0.127
1189,0.3344493061647958,0.32200003519250464,0.322
1190,0.3337177251490767,0.32200003090342105,0.322
1191,0.33364779678948187,0.3220000282127783,0.322
1192,0.3336447226984026,0.3220000271765392,0.322
1193,0.33429772481372316,0.3220000279354665,0.322
1194,0.33445874977530754,0.322000029232411,0.322
1195,0.3341987697775409,0.32200003021618545,0.322
1196,0.3338899777723379,0.3220000271027547,0.322
1197,0.3339855057956834,0.3220000275767283,0.322
1198,0.33404254127662786,0.3220000272829069,0.322
1199,0.3353043246604676,0.32200002294556596,0.322
1200,0.33422599653297774,0.32200001561575337,0.322
1201,0.33367655502804305,0.3220000133706163,0.322
1202,0.33433982805729173,0.3220000135558778,0.322
1203,0.33424790317374614,0.3220000134835091,0.322
1204,0.33429822373485185,0.32200001348364704,0.322
1205,0.3350403593972598,0.32200001634559217,0.322
1206,0.33362002732448204,0.3220000168179403,0.322
1207,0.3316449570337443,0.32200001261144995,0.322
1208,0.33183942249105947,0.3220000125086194,0.322
1209,0.33142460196416845,0.3220000112343038,0.322
1210,0.331272941635329,0.32200001458634075,0.322
1211,0.15083666503251508,0.14000001526497705,0.14
1212,0.1522967267135652,0.14000001827539835,0.14
1213,0.1530725764647758,0.1400000186899922,0.14
1214,0.15305263560389545,0.14000001998388373,0.14
1215,0.15373444591887803,0.14000005359242704,0.14
1216,0.15339893277434216,0.14000001949424437,0.14
1217,0.15362946241135433,0.14000001931679734,0.14
1218,0.15182892591213706,0.14000001913279594,0.14
1219,0.15136394426422756,0.1400000187360321,0.14
1220,0.15238761394291278,0.14000002803027964,0.14
1221,0.15323996828561365,0.14000002821105623,0.14
1222,0.15306373639037024,0.14000003105930953,0.14
1223,0.15237792680979773,0.1400000339231658,0.14
1224,0.15216764307745428,0.14000003622937135,0.14
1225,0.15226107021470692,0.14000003678702344,0.14
1226,0.3300355044489175,0.3170000297902158,0.317
1227,0.33003811997959265,0.31700002977651975,0.317
1228,0.15311804085485378,0.14000003271162198,0.14
1229,0.15318462390798251,0.14000003237006217,0.14
1230,0.1523358915790207,0.1400000728055673,0.14
1231,0.1523745284655144,0.14000007519344848,0.14
1232,0.15142421264950354,0.14000009999454704,0.14
1233,0.15245450413567332,0.14000218691487812,0.14
1234,0.22025415616805438,0.20700202522911826,0.207
1235,0.2202632229356572,0.20700244789984362,0.207
1236,0.21995867825991405,0.20700052379696235,0.207
1237,0.219710989473279,0.20700044275975338,0.207
1238,0.21979279641498953,0.20700042668751004,0.207
1239,0.33025886271849764,0.31700019614177427,0.317
1240,0.39011588055374763,0.37700013833091756,0.377
1241,0.2117885530980038,0.20000020521439615,0.2
1242,0.15127667152642577,0.14000025733946173,0.14
1243,0.15090499704944618,0.1400001591296734,0.14
1244,0.1522219028510478,0.14000011870095364,0.14
1245,0.15714403367273125,0.146000153131072,0.146
1246,0.15708810718620322,0.1460001525115663,0.146
1247,0.15669842687262833,0.14600010247401726,0.146
1248,0.15746208152065955,0.14600013120284383,0.146
1249,0.157420271214777,0.1460001323577314,0.146
1250,0.15726019094569885,0.14600010795027085,0.146
1251,0.156908037997116,0.146000094793428,0.146
1252,0.33373368179350515,0.32300006746881627,0.323
1253,0.3301706339417534,0.32300003504321534,0.323
1254,0.16565940279694494,0.1590000390042925,0.159
1255,0.16598971820427297,0.15900003850611383,0.159
1256,0.1691195536431996,0.15900009842810167,0.159
1257,0.16279653652700102,0.15900011002594913,0.159
1258,0.15900010325969757,0.1590000336070998,0.159
1259,0.159000012466704,0.15900002241071423,0.159
1260,0.2690000176559096,0.2690000195432543,0.269
1261,0.26900017091293954,0.2690000666951634,0.269
1262,0.25600010585917055,0.25600010373748117,0.256
1263,0.25600012764798113,0.2560001098896706,0.256
1264,0.3960000680408459,0.39600008348406185,0.396
1265,0.5730027354294484,0.5730000455421652,0.573
1266,0.6330659107551859,0.633000039804808,0.633
1267,0.9510065110319537,0.951000032068933,0.951
1268,0.8910526453994895,0.8910000306497393,0.891
1269,0.9730000540472556,0.9730000361000566,0.973
1270,0.9730000329175384,0.9730000358368766,0.973
1271,0.9730000126483684,0.9730000514070797,0.973
1272,0.4060000192694514,0.4060000310042777,0.406
1273,0.3460000201542662,0.3460000335458258,0.346
1274,0.3460000440970359,0.3460000262096834,0.346
1275,0.3460002108401769,0.34600004212896207,0.346
1276,0.3460003060075013,0.34600004237508764,0.346
1277,0.2960000349422188,0.2960000254122934,0.296
1278,0.29600001172671064,0.29600002767601763,0.296
1279,0.29600001302088813,0.2960000292255851,0.296
1280,0.3960000377227895,0.3960000320443962,0.396
1281,0.36300015493016025,0.363000025592172,0.363
1282,0.3630000757459314,0.3630000278464162,0.363
1283,0.36300008864504635,0.3630000278352276,0.363
1284,0.36300008450239085,0.3630000289099945,0.363
1285,0.3630000198067329,0.3630000184706125,0.363
1286,0.40300009327842695,0.40300002739388857,0.403
1287,0.5250000328636508,0.5250000206909102,0.525
1288,0.5251229468215224,0.5250000251259919,0.525
1289,0.6390002261237098,0.6390000165565609,0.639
1290,0.6390000439633327,0.6390000119042615,0.639
1291,0.4570000176702716,0.45700001332704,0.457
1292,0.4570000120235533,0.4570000193369117,0.457
1293,2.437000025338074,2.4370000111794234,2.437
1294,2.4370000664121974,2.4370000106319707,2.437
1295,2.7400002094476155,2.7400000097785027,2.74
1296,0.8200000236426869,0.8200000165437601,0.82
1297,0.8200000227616199,0.8200000175243535,0.82
1298,0.8200000137411464,0.8200000144222431,0.82
1299,0.4350000160080102,0.4350000110088267,0.435
1300,0.3950000341916553,0.39500001437373417,0.395
1301,0.3950000124953114,0.3950000156440642,0.395
1302,0.3950000124953114,0.3950000154904307,0.395
1303,0.3950000372494486,0.3950000355043563,0.395
1304,0.3890001591160836,0.38900002999921657,0.389
1305,0.3490002032624161,0.3490000294263694,0.349
1306,0.34900017128986605,0.3490000295837475,0.349
1307,0.34900015321817235,0.3490000288451093,0.349
1308,0.3490001820895392,0.34900002814658815,0.349
1309,0.34900005587435357,0.3490000308669141,0.349
1310,0.3490001217586242,0.34900002771289357,0.349
1311,0.3490000268764515,0.34900002958670023,0.349
1312,0.3490001030951127,0.3490000292719727,0.349
1313,0.4490000227827836,0.449000029568312,0.449
1314,0.43600006705753713,0.4360000269193988,0.436
1315,0.4360000726270626,0.4360000293808727,0.436
1316,0.4360013970421343,0.43600002659673837,0.436
1317,0.43600007695342574,0.43600002066674864,0.436
1318,0.43600008108531063,0.43600002143539424,0.436
1319,0.43600044446096003,0.43600001822580176,0.436
1320,0.4437131176318704,0.4360000229890298,0.436
1321,0.43629188071171393,0.4360000232930451,0.436
1322,0.3760000823450055,0.3760000134837166,0.376
1323,0.38200008951944464,0.3820000137880516,0.382
1324,0.26800176223598343,0.2680000141623947,0.268
1325,0.26800100814637606,0.26800002001863515,0.268
1326,0.26800016543838845,0.2680000187371249,0.268
1327,0.2680003470674589,0.26800001870688883,0.268
1328,0.2738143201683418,0.2680000184662027,0.268
1329,0.2680006062170059,0.2680000186716121,0.268
1330,0.27423184787518806,0.268000029270734,0.268
1331,0.27560128519267196,0.2680000292431822,0.268
1332,0.2680001286733474,0.26800001343204843,0.268
1333,0.2680000475047164,0.2680000140796526,0.268
1334,0.268000056315926,0.2680000138976292,0.268
1335,0.33707433221951727,0.32800002878814694,0.328
1336,0.5182522559092486,0.5100000258787096,0.51
1337,0.5181158958834085,0.5100000252201012,0.51
1338,0.517374039436025,0.5100000258784807,0.51
1339,0.5175239048003847,0.51000002598506,0.51
1340,0.5869015935124366,0.5800000230050785,0.58
1341,0.5846020414077115,0.580000024303675,0.58
1342,0.5755112279588142,0.5700000255296006,0.57
1343,0.6200000550764591,0.6200000261221882,0.62
1344,0.5600001032596976,0.5600000266193386,0.56
1345,0.5600001156944595,0.5600000285678817,0.56
1346,0.5175439186881251,0.5100000246301737,0.51
1347,0.5100006867852893,0.5100000191085982,0.51
1348,0.5980000216315369,0.5980000118538389,0.598
1349,0.5980000100457548,0.598000012681302,0.598
1350,0.5980000224683766,0.5980000154928289,0.598
1351,0.6380000141590186,0.6380000165641809,0.638
1352,0.5980000432245268,0.5980000152117835,0.598
1353,0.7250000330437563,0.7250000146197277,0.725
1354,0.7250001231369032,0.7250000139375177,0.725
1355,0.7250002151261862,0.725000014370737,0.725
1356,0.7250001563564984,0.7250000137962279,0.725
1357,0.7250000330256839,0.7250000121200004,0.725
1358,0.5430000265289988,0.5430000119123267,0.543
1359,0.5430000149326207,0.5430000129067903,0.543
1360,0.5430000222214877,0.5430000141011055,0.543
1361,0.48300007580028004,0.4830000172896628,0.483
1362,2.5030000287752454,2.5030000087504614,2.503
1363,2.5030001076735573,2.5030000085222968,2.503
1364,2.503000018199716,2.503000007721436,2.503
1365,0.5230000580513243,0.5230000104258893,0.523
1366,0.5230000383150006,0.5230000101938166,0.523
1367,0.5230022345321497,0.5230000116335556,0.523
1368,0.523115120322905,0.5230000117852124,0.523
1369,0.5266991917282488,0.5230000116012538,0.523
1370,0.5326567526637281,0.523000011896386,0.523
1371,0.5929821698281117,0.5830000118386547,0.583
1372,0.5905737149636121,0.5830000124185774,0.583
1373,0.5881074860364108,0.5830000122633482,0.583
1374,0.5830002732014576,0.583000012261152,0.583
1375,0.5914216561419866,0.5830000184280373,0.583
1376,0.5833509663700899,0.5830000179921645,0.583
1377,0.5461346599729288,0.5430000126632973,0.543
1378,0.5442120557291512,0.5430000126323644,0.543
1379,0.7250236578081624,0.7250000120928292,0.725
1380,0.7354042972167744,0.7250000131766334,0.725
1381,0.7353586421978218,0.7250000129792025,0.725
1382,0.7361857583617736,0.7250000172185779,0.725
1383,0.6201811671170763,0.6110000186492918,0.611
1384,0.619537364236864,0.6110000188110005,0.611
1385,0.6195344090433075,0.6110000181414927,0.611
1386,0.7924972468531671,0.7840000168374348,0.784
1387,0.7917206923655775,0.7840000159370777,0.784
1388,0.7927114779176154,0.784000016922242,0.784
1389,0.7899793831606625,0.7840000156491076,0.784
1390,0.7924717380613989,0.7840000152551081,0.784
1391,0.7331872791449362,0.7240000163138771,0.724
1392,0.7368779855952055,0.7240000242019101,0.724
1393,0.7362305951482453,0.7240000211333212,0.724
1394,0.7364431505218882,0.7240000210262042,0.724
1395,0.7364341292159188,0.7240000205232141,0.724
1396,0.7975755994969099,0.7840000238323256,0.784
1397,0.6755168685876785,0.6620000256479323,0.662
1398,0.7900266546464055,0.7760000439387608,0.776
1399,0.7900707097392516,0.7760000476336273,0.776
1400,0.790330374419925,0.7760000629439444,0.776
1401,0.7903227591354981,0.7760000575922136,0.776
1402,0.7903183398575951,0.7760000556774417,0.776
1403,0.7903184458966308,0.7760000544853856,0.776
1404,0.7903382639151197,0.7760000556349046,0.776
1405,0.8503738454464727,0.8360000495164175,0.836
1406,1.0323308811054885,1.0180000358275816,1.018
1407,1.1542709926539902,1.1400000316741756,1.14
1408,1.1543029879685538,1.1400000356560545,1.14
1409,1.1542746558262005,1.1400000351738915,1.14
1410,0.25146089239105734,0.23700011104391341,0.237
1411,0.2514632010993739,0.2370001102198677,0.237
1412,0.2514631996023667,0.23700011012012867,0.237
1413,0.2514631555916257,0.23700010768148924,0.237
1414,0.251461603225416,0.237000109379156,0.237
1415,0.2514631156480565,0.23700009787030232,0.237
1416,0.2514626438995568,0.23700009337893185,0.237
1417,0.2514616553968095,0.23700009279124884,0.237
1418,0.2514426902213195,0.23700008540698356,0.237
1419,0.2514478169827677,0.23700008816381907,0.237
1420,0.25143690386149803,0.23700010738260288,0.237
1421,0.25142324664545923,0.2370001218951359,0.237
1422,0.2514302561744309,0.23700011025277076,0.237
1423,0.2514088675579657,0.23700014284188622,0.237
1424,0.25142897716759427,0.23700013631366676,0.237
1425,0.25141991140706416,0.2370001366584775,0.237
1426,0.2514110894975759,0.23700013793140803,0.237
1427,0.25141332558536295,0.2370001476640472,0.237
1428,0.06942260094639444,0.055000205641791575,0.055
1429,0.06902910519820377,0.055000059277732764,0.055
1430,0.06891249415296984,0.055000062625965636,0.055
1431,0.06884872333779278,0.0550000595213387,0.055
1432,0.06945503978604778,0.05500018619844953,0.055
1433,0.06933881453902027,0.05500020251669579,0.055
1434,0.06933361924942512,0.055000212251769154,0.055
1435,0.06934077090585838,0.05500021893193023,0.055
1436,0.06935674608655538,0.05500023583039026,0.055
1437,0.06929921725740974,0.05500026069801037,0.055
1438,0.06930557303295533,0.05500027881927405,0.055
1439,0.06930880915791308,0.05500027875162486,0.055
